1;Poručiks;Briedis Johans;5. Zemgales LSP;Sv. Jura zobens;;;164./449.
2;Podporučiks;Zebežs Jānis;5. Zemgales LSP;Sv. Jura ordenis;4;;485
3;Podporučiks;Ilziņš Ģederts;5. Zemgales LSP;Sv. Jura ordenis;4;Kritis 20.VII.17;485
4;Pulkvedis;Vācietis Joakims (Jukums);5. Zemgales LSP;Kņaza Vladimira ordenis (ar šķēpiem un lenti);4;;21
5;Štābs kapteinis;Bruņenieks Valters;5. Zemgales LSP;Kņaza Vladimira ordenis (ar šķēpiem un lenti);4;;488
6;Poručiks;Grīnbergs Johans;5. Zemgales LSP;Kņaza Vladimira ordenis (ar šķēpiem un lenti);4;Kritis;135
7;Poručiks;Ilziņš Ģederts;5. Zemgales LSP;Kņaza Vladimira ordenis (ar šķēpiem un lenti);4;;236
8;Poručiks;Strazdiņš Fricis;5. Zemgales LSP;Kņaza Vladimira ordenis (ar šķēpiem un lenti);4;;338
9;Poručiks;Hodkevičs Leonīds;5. Zemgales LSP;Kņaza Vladimira ordenis (ar šķēpiem un lenti);4;;479
10;Štābs kapteinis;Paukšēns Alfrēds;5. Zemgales LSP;Kņaza Vladimira ordenis (ar šķēpiem un lenti);4;;267
11;Štābs kapteinis;Lasmanis Voldemārs;5. Zemgales LSP;Kņaza Vladimira ordenis (ar šķēpiem un lenti);4;;267
12;Podporučiks;Heimanis Jēkabs;5. Zemgales LSP;Kņaza Vladimira ordenis (ar šķēpiem un lenti);4;;267
13;Podporučiks;Raigs Rūdolfs;5. Zemgales LSP;Kņaza Vladimira ordenis (ar šķēpiem un lenti);4;;488
14;Praporščiks;Sunne Jānis-Alberts;5. Zemgales LSP;Kņaza Vladimira ordenis (ar šķēpiem un lenti);4;;488
15;Praporščiks;Ozols Roberts;5. Zemgales LSP;Kņaza Vladimira ordenis (ar šķēpiem un lenti);4;;488
16;Praporščiks;Jers Kaspars;5. Zemgales LSP;Kņaza Vladimira ordenis (ar šķēpiem un lenti);4;;488
17;Praporščiks;Grīnblats Eduards;5. Zemgales LSP;Kņaza Vladimira ordenis (ar šķēpiem un lenti);4;Kritis;488
18;Štābs kapteinis;Lerhs Jānis;5. Zemgales LSP;Sv. Staņislava ordenis ar šķēpiem;2;;92
19;Ārsts;Kaufmanis Leopolds;5. Zemgales LSP;Sv. Staņislava ordenis ar šķēpiem;2;;455
20;Poručiks;Mjakovs Vasilijs;5. Zemgales LSP;Sv. Staņislava ordenis ar šķēpiem;2;;92
21;Poručiks;Lakstīgals Ēriks;5. Zemgales LSP;Sv. Staņislava ordenis ar šķēpiem;2;;92
22;Pulkvedis;Vācietis Joakims (Jukums);5. Zemgales LSP;Sv. Staņislava ordenis ar šķēpiem;2;;353
23;Pukvedis-leitn.;Berķis Kārlis;5. Zemgales LSP;Sv. Staņislava ordenis ar šķēpiem;2;;419
24;Poručiks;Haritonovs Nikolajs;5. Zemgales LSP;Sv. Staņislava ordenis ar šķēpiem;2;;100
25;Poručiks;Klūge Eduards;5. Zemgales LSP;Sv. Staņislava ordenis ar šķēpiem;2;;267
26;Praporščiks;Baumanis Mārtiņš;5. Zemgales LSP;Sv. Staņislava ordenis ar šķēpiem un lenti;3;;455
27;Praporščiks;Sperga Jozefs;5. Zemgales LSP;Sv. Staņislava ordenis ar šķēpiem un lenti;3;;23
28;Praporščiks;Ozoliņš Kārlis;5. Zemgales LSP;Sv. Staņislava ordenis ar šķēpiem un lenti;3;;54
29;Podporučiks;Rožkalns Kristaps;5. Zemgales LSP;Sv. Staņislava ordenis ar šķēpiem un lenti;3;;54
30;Podporučiks;Krieviņš Pāvils-Ģederts;5. Zemgales LSP;Sv. Staņislava ordenis ar šķēpiem un lenti;3;;54
31;Praporščiks;Varbuts Jānis-Ģirts;5. Zemgales LSP;Sv. Staņislava ordenis ar šķēpiem un lenti;3;;54
32;Praporščiks;Mucenieks Jūlijs;5. Zemgales LSP;Sv. Staņislava ordenis ar šķēpiem un lenti;3;;54
33;Praporščiks;Penkāns Roberts;5. Zemgales LSP;Sv. Staņislava ordenis ar šķēpiem un lenti;3;;54
34;Podporučiks;Bundulis Harijs-Andrejs;5. Zemgales LSP;Sv. Staņislava ordenis ar šķēpiem un lenti;3;;92
35;Praporščiks;Neiburgs Kārlis;5. Zemgales LSP;Sv. Staņislava ordenis ar šķēpiem un lenti;3;;92
36;Praporščiks;Popandopūlo Aleksandrs;5. Zemgales LSP;Sv. Staņislava ordenis ar šķēpiem un lenti;3;;92
37;Praporščiks;Zebežs Jānis;5. Zemgales LSP;Sv. Staņislava ordenis ar šķēpiem un lenti;3;;92
38;Praporščiks;Virviekis antons;5. Zemgales LSP;Sv. Staņislava ordenis ar šķēpiem un lenti;3;;100
39;Poručiks;Mazuhno Antons;5. Zemgales LSP;Sv. Staņislava ordenis ar šķēpiem un lenti;3;Kritis;187
40;Ārsts;Birznieks Pāvils;5. Zemgales LSP;Sv. Staņislava ordenis ar šķēpiem un lenti;3;;191
41;Praporščiks;Eglītis Augusts;5. Zemgales LSP;Sv. Staņislava ordenis ar šķēpiem un lenti;3;;267
42;Praporščiks;Pīlaps Jānis;5. Zemgales LSP;Sv. Staņislava ordenis ar šķēpiem un lenti;3;;267
43;Podporučiks;Bebrišs Pēteris;5. Zemgales LSP;Sv. Staņislava ordenis ar šķēpiem un lenti;3;;419
44;Podporučiks;Virpadons Vilhelms;5. Zemgales LSP;Sv. Staņislava ordenis ar šķēpiem un lenti;3;;446
45;Podporučiks;Kalējs Kārlis;5. Zemgales LSP;Sv. Staņislava ordenis ar šķēpiem un lenti;3;;446
46;Praporščiks;Verbels Andrejs;5. Zemgales LSP;Sv. Staņislava ordenis ar šķēpiem un lenti;3;;446
47;Praporščiks;Mednītis Kārlis;5. Zemgales LSP;Sv. Staņislava ordenis ar šķēpiem un lenti;3;;446
48;Praporščiks;Pettaks Aleksandrs;5. Zemgales LSP;Sv. Staņislava ordenis ar šķēpiem un lenti;3;;446
49;Praporščiks;Pavārs Reinis-Voldemārs;5. Zemgales LSP;Sv. Staņislava ordenis ar šķēpiem un lenti;3;;446
50;Praporščiks;Grīnbergs Rihards;5. Zemgales LSP;Sv. Staņislava ordenis ar šķēpiem un lenti;3;;455
51;Praporščiks;Krastiņš Eduards;5. Zemgales LSP;Sv. Staņislava ordenis ar šķēpiem un lenti;3;;455
52;Praporščiks;Strazdas Alfrēds;5. Zemgales LSP;Sv. Staņislava ordenis ar šķēpiem un lenti;3;;455
53;Podporučiks;Stalgevičs Alfrēds;5. Zemgales LSP;Sv. Staņislava ordenis ar šķēpiem un lenti;3;;455
54;Podporučiks;Krūmiņš Voldemārs;5. Zemgales LSP;Sv. Staņislava ordenis ar šķēpiem un lenti;3;;494
55;Štābs kapteinis;Ilziņš Jēkabs;5. Zemgales LSP;Sv. Annas ordenis ar šķēpiem;2;;191
56;Poručiks;Paukšēns Alberts;5. Zemgales LSP;Sv. Annas ordenis ar šķēpiem;2;;50
57;Poručiks;Šteinmanis Nikolajs;5. Zemgales LSP;Sv. Annas ordenis ar šķēpiem;2;;92
58;Podporučiks;Heimanis Jēkabs;5. Zemgales LSP;Sv. Annas ordenis ar šķēpiem;2;;92
59;Poručiks;Hodkevičs Leonīds;5. Zemgales LSP;Sv. Annas ordenis ar šķēpiem;2;;158
60;Podporučiks;Lerhs Jānis;5. Zemgales LSP;Sv. Annas ordenis ar šķēpiem un banti;3;;54
61;Podporučiks;Haritonovs Nikolajs;5. Zemgales LSP;Sv. Annas ordenis ar šķēpiem un banti;3;;54
62;Podporučiks;Ozols Roberts;5. Zemgales LSP;Sv. Annas ordenis ar šķēpiem un banti;3;;54
63;Praporščiks;Lūkazs Miķelis;5. Zemgales LSP;Sv. Annas ordenis ar šķēpiem un banti;3;;54
64;Praporščiks;Volkovs Nikolajs;5. Zemgales LSP;Sv. Annas ordenis ar šķēpiem un banti;3;;54
65;Praporščiks;Bieļinskis Leonīds;5. Zemgales LSP;Sv. Annas ordenis ar šķēpiem un banti;3;;54
66;Praporščiks;Grīnbergs Johans;5. Zemgales LSP;Sv. Annas ordenis ar šķēpiem un banti;3;;54
67;Praporščiks;Dolgopolovs Pēteris;5. Zemgales LSP;Sv. Annas ordenis ar šķēpiem un banti;3;;54
68;Praporščiks;Mjakonkijs Vasilijs;5. Zemgales LSP;Sv. Annas ordenis ar šķēpiem un banti;3;;54
69;Praporščiks;Briedis Johans;5. Zemgales LSP;Sv. Annas ordenis ar šķēpiem un banti;3;;54
70;Praporščiks;Lakstīgals Ēriks;5. Zemgales LSP;Sv. Annas ordenis ar šķēpiem un banti;3;;54
71;Praporščiks;Dombrovskis Jēkabs;5. Zemgales LSP;Sv. Annas ordenis ar šķēpiem un banti;3;;54
72;Praporščiks;Bruņenieks Valters;5. Zemgales LSP;Sv. Annas ordenis ar šķēpiem un banti;3;;54
73;Praporščiks;Strazdiņš Fricis;5. Zemgales LSP;Sv. Annas ordenis ar šķēpiem un banti;3;;54
74;Praporščiks;Stokets Jānis;5. Zemgales LSP;Sv. Annas ordenis ar šķēpiem un banti;3;;54
75;Štābs kapteinis;Rožkalns Kristaps;5. Zemgales LSP;Sv. Annas ordenis ar šķēpiem un banti;3;;92
76;Poručiks;Čablis Kārlis-Eduards;5. Zemgales LSP;Sv. Annas ordenis ar šķēpiem un banti;3;;92
77;Poručiks;Ozoliņš Kārlis-Arturs;5. Zemgales LSP;Sv. Annas ordenis ar šķēpiem un banti;3;;92
78;Podporučiks;Klūge Eduards;5. Zemgales LSP;Sv. Annas ordenis ar šķēpiem un banti;3;;92
79;Podporučiks;Sperga Jozefs;5. Zemgales LSP;Sv. Annas ordenis ar šķēpiem un banti;3;;92
80;Praporščiks;Vilāns Juris;5. Zemgales LSP;Sv. Annas ordenis ar šķēpiem un banti;3;;150
81;Praporščiks;Neiburgs Kārlis;5. Zemgales LSP;Sv. Annas ordenis ar šķēpiem un banti;3;;267
82;Praporščiks;Zebežs Jānis;5. Zemgales LSP;Sv. Annas ordenis ar šķēpiem un banti;3;;267
83;Podporučiks;Timmermanis Dāvis;5. Zemgales LSP;Sv. Annas ordenis ar šķēpiem un banti;3;;158
84;Praporščiks;Zebežs Jānis;5. Zemgales LSP;Sv. Annas ordenis (Par drosmi);4;;23
85;Praporščiks;Neiburgs Kārlis;5. Zemgales LSP;Sv. Annas ordenis (Par drosmi);4;;23
86;Štābs kapteinis;Lukažs Miķelis;5. Zemgales LSP;Sv. Annas ordenis (Par drosmi);4;;92
87;Poručiks;Dolgopolovs Pēteris;5. Zemgales LSP;Sv. Annas ordenis (Par drosmi);4;;92
88;Poručiks;Bruņenieks Valters;5. Zemgales LSP;Sv. Annas ordenis (Par drosmi);4;;92
89;Poručiks;Volkovs Nikolajs;5. Zemgales LSP;Sv. Annas ordenis (Par drosmi);4;;92
90;Podporučiks;Bieļinskis Leonīds;5. Zemgales LSP;Sv. Annas ordenis (Par drosmi);4;;92
91;Podporučiks;Šakers-Pelcmanis Ansis-Žanis;5. Zemgales LSP;Sv. Annas ordenis (Par drosmi);4;;92
92;Podporučiks;Mazuhni Antons;5. Zemgales LSP;Sv. Annas ordenis (Par drosmi);4;;92
93;Podporučiks;Sloks Kārlis;5. Zemgales LSP;Sv. Annas ordenis (Par drosmi);4;;92
94;Praporščiks;Eglītis Augusts;5. Zemgales LSP;Sv. Annas ordenis (Par drosmi);4;;92
95;Praporščiks;Svinteckis Pēteris;5. Zemgales LSP;Sv. Annas ordenis (Par drosmi);4;;92
96;Praporščiks;Grosbergs Johans;5. Zemgales LSP;Sv. Annas ordenis (Par drosmi);4;;92
97;Praporščiks;Birkmanis Matīss;5. Zemgales LSP;Sv. Annas ordenis (Par drosmi);4;;92
98;Praporščiks;Pīlaps Jānis;5. Zemgales LSP;Sv. Annas ordenis (Par drosmi);4;;92
99;Praporščiks;Usonis Juris;5. Zemgales LSP;Sv. Annas ordenis (Par drosmi);4;;92
100;Praporščiks;Liepiņš Otto;5. Zemgales LSP;Sv. Annas ordenis (Par drosmi);4;Kritis;92
101;Praporščiks;Švedrups Ernests-Voldemārs;5. Zemgales LSP;Sv. Annas ordenis (Par drosmi);4;;92
102;Praporščiks;Raigs Rūdolfs;5. Zemgales LSP;Sv. Annas ordenis (Par drosmi);4;;92
103;Praporščiks;Ojasons Alberts;5. Zemgales LSP;Sv. Annas ordenis (Par drosmi);4;;92
104;Praporščiks;Selters Jozefs;5. Zemgales LSP;Sv. Annas ordenis (Par drosmi);4;;92
105;Praporščiks;Lapsa Jānis;5. Zemgales LSP;Sv. Annas ordenis (Par drosmi);4;;92
106;Praporščiks;Zvirbulis Kārlis;5. Zemgales LSP;Sv. Annas ordenis (Par drosmi);4;;92
107;Praporščiks;Grīnbergs Pāvels;5. Zemgales LSP;Sv. Annas ordenis (Par drosmi);4;;92
108;Praporščiks;Baumanis Andrejs;5. Zemgales LSP;Sv. Annas ordenis (Par drosmi);4;Kritis;92
109;Poručiks;Briedis Johans;5. Zemgales LSP;Sv. Annas ordenis (Par drosmi);4;;100
110;Poručiks;Ozols Roberts;5. Zemgales LSP;Sv. Annas ordenis (Par drosmi);4;;100
111;Praporščiks;Balodis Oskars;5. Zemgales LSP;Sv. Annas ordenis (Par drosmi);4;;102
112;Praporščiks;Ilziņš Voldemārs;5. Zemgales LSP;Sv. Annas ordenis (Par drosmi);4;;110
113;Kapteinis;Veļišovs Aleksandrs;5. Zemgales LSP;Sv. Annas ordenis (Par drosmi);4;;150
114;Podporučiks;Vadzis Jānis;5. Zemgales LSP;Sv. Annas ordenis (Par drosmi);4;;150
115;Podporučiks;Gregors Jānis;5. Zemgales LSP;Sv. Annas ordenis (Par drosmi);4;;150
116;Praporščiks;Spilve Jēkabs;5. Zemgales LSP;Sv. Annas ordenis (Par drosmi);4;;150
117;Praporščiks;Rolmanis Roberts;5. Zemgales LSP;Sv. Annas ordenis (Par drosmi);4;;150
118;Praporščiks;Birzulis Žanis;5. Zemgales LSP;Sv. Annas ordenis (Par drosmi);4;;150
119;Praporščiks;Kleins Aleksandrs;5. Zemgales LSP;Sv. Annas ordenis (Par drosmi);4;;150
120;Štābs kapteinis;Rožkalns Kristaps;5. Zemgales LSP;Sv. Annas ordenis (Par drosmi);4;;338
121;Poručiks;Sudrabs Fricis;5. Zemgales LSP;Sv. Annas ordenis (Par drosmi);4;;338
122;Poručiks;Heimanis Jēkabs;5. Zemgales LSP;Sv. Annas ordenis (Par drosmi);4;;353
123;Poručiks;Ilziņš Ģederts;5. Zemgales LSP;Sv. Annas ordenis (Par drosmi);4;;353
124;Štābs kapteinis;Lerhs Jānis;5. Zemgales LSP;Sv. Annas ordenis (Par drosmi);4;;353
125;Podporučiks;Skrastiņš Ādolfs;5. Zemgales LSP;Sv. Annas ordenis (Par drosmi);4;;434
126;Podporučiks;Magonis Ādams;5. Zemgales LSP;Sv. Annas ordenis (Par drosmi);4;;434
127;Podporučiks;Miezis Augusts;5. Zemgales LSP;Sv. Annas ordenis (Par drosmi);4;;434
128;Praporščiks;Bankovičs Reinis;5. Zemgales LSP;Sv. Annas ordenis (Par drosmi);4;;434
129;Praporščiks;Grieze Aleksandrs;5. Zemgales LSP;Sv. Annas ordenis (Par drosmi);4;;434
130;Praporščiks;Grinblats Eduards;5. Zemgales LSP;Sv. Annas ordenis (Par drosmi);4;;434
131;Praporščiks;Gustavs Jānis;5. Zemgales LSP;Sv. Annas ordenis (Par drosmi);4;;434
132;Pulkvedis;Vācietis Joakims (Jukums);5. Zemgales LSP;Serbijas Baltā ērgļa ordenis ar šķēpiem;4;;401
133;Pulkvedis;Lielgalvis Ansis;6. Tukuma LSP;Sv. Jura zobens;;;164
134;Poručiks;Erdmanis Ādams;6. Tukuma LSP;Sv. Jura zobens;;;74
135;Poručiks;Rozenbergs Jēkabs-Nikolajs;6. Tukuma LSP;Sv. Jura zobens;;;485
136;Poručiks;Braunfelds Fricis;6. Tukuma LSP;Sv. Jura ordenis;4;;485
137;Štābs kapteinis;Graudiņš Krišus;6. Tukuma LSP;Kņaza Vladimira ordenis (ar šķēpiem un lenti);4;;479
138;Poručiks;Zodejevs Nikolajs;6. Tukuma LSP;Kņaza Vladimira ordenis (ar šķēpiem un lenti);4;;135
139;Poručiks;Dravnieks Žanis-Augusts;6. Tukuma LSP;Kņaza Vladimira ordenis (ar šķēpiem un lenti);4;;135
140;Poručiks;Sidorovs Gavrils;6. Tukuma LSP;Kņaza Vladimira ordenis (ar šķēpiem un lenti);4;;135
141;Poručiks;Bērtulsons Fricis;6. Tukuma LSP;Kņaza Vladimira ordenis (ar šķēpiem un lenti);4;;135
142;Poručiks;Glembergs Mārtiņš;6. Tukuma LSP;Kņaza Vladimira ordenis (ar šķēpiem un lenti);4;;488
143;Podporučiks;Puciriņš Vilhelms;6. Tukuma LSP;Kņaza Vladimira ordenis (ar šķēpiem un lenti);4;;135
144;Podporučiks;Poruks Rūdolfs;6. Tukuma LSP;Kņaza Vladimira ordenis (ar šķēpiem un lenti);4;;135
145;Podporučiks;Lapsels Jānis;6. Tukuma LSP;Kņaza Vladimira ordenis (ar šķēpiem un lenti);4;;135
146;Praporščiks;Gasmanis Pāvils;6. Tukuma LSP;Kņaza Vladimira ordenis (ar šķēpiem un lenti);4;;135
147;Poručiks;Klipsons Jānis;6. Tukuma LSP;Sv. Staņislava ordenis ar šķēpiem;2;;54
148;Poručiks;Graudiņš Krišus;6. Tukuma LSP;Sv. Staņislava ordenis ar šķēpiem;2;;92
149;Ārsts;Bukonts Domeniks;6. Tukuma LSP;Sv. Staņislava ordenis ar šķēpiem;2;;191
150;Ārsts;Alksne Jānis;6. Tukuma LSP;Sv. Staņislava ordenis ar šķēpiem;2;;191
151;Poručiks;Ūdentiņš Otto;6. Tukuma LSP;Sv. Staņislava ordenis ar šķēpiem;2;;475
152;Poručiks;Klipsons Jānis;6. Tukuma LSP;Sv. Staņislava ordenis ar šķēpiem un lenti;3;;37
153;Poručiks;Burbe Arnolds-Indriķis;6. Tukuma LSP;Sv. Staņislava ordenis ar šķēpiem un lenti;3;;54
154;Praporščiks;Pillets Vilhelms-Arvīds;6. Tukuma LSP;Sv. Staņislava ordenis ar šķēpiem un lenti;3;;92
155;Praporščiks;Ozoliņš Aleksandrs;6. Tukuma LSP;Sv. Staņislava ordenis ar šķēpiem un lenti;3;;171
156;Podporučiks;Kristsons Alberts-Roberts;6. Tukuma LSP;Sv. Staņislava ordenis ar šķēpiem un lenti;3;;205
157;Podporučiks;Dzinters Oļģerts;6. Tukuma LSP;Sv. Staņislava ordenis ar šķēpiem un lenti;3;;205
158;Praporščiks;Kārklis Ansis;6. Tukuma LSP;Sv. Staņislava ordenis ar šķēpiem un lenti;3;;205
159;Praporščiks;Kesters Frīdrihs;6. Tukuma LSP;Sv. Staņislava ordenis ar šķēpiem un lenti;3;;205
160;Praporščiks;Liepiņš Vilhelms;6. Tukuma LSP;Sv. Staņislava ordenis ar šķēpiem un lenti;3;;205
161;Praporščiks;Muižzemnieks Rūdolfs;6. Tukuma LSP;Sv. Staņislava ordenis ar šķēpiem un lenti;3;;205
162;Praporščiks;Braunfelds Fricis;6. Tukuma LSP;Sv. Staņislava ordenis ar šķēpiem un lenti;3;;205
163;Podporučiks;Kaufelds Teodors;6. Tukuma LSP;Sv. Staņislava ordenis ar šķēpiem un lenti;3;;205
164;Poručiks;Lācis Augusts;6. Tukuma LSP;Sv. Staņislava ordenis ar šķēpiem un lenti;3;;338
165;Podporučiks;Balodis Eduards;6. Tukuma LSP;Sv. Staņislava ordenis ar šķēpiem un lenti;3;;419
166;Praporščiks;Plaucītis Kristians;6. Tukuma LSP;Sv. Staņislava ordenis ar šķēpiem un lenti;3;;419
167;Praporščiks;Vitergrīns Jēkabs;6. Tukuma LSP;Sv. Staņislava ordenis ar šķēpiem un lenti;3;;419
168;Poručiks;Artum-Hartmanis Arnolds;6. Tukuma LSP;Sv. Staņislava ordenis ar šķēpiem un lenti;3;;475
169;Poručiks;Klipsons Jānis;6. Tukuma LSP;Sv. Annas ordenis ar šķēpiem;2;;92
170;Poručiks;Vārna Jānis;6. Tukuma LSP;Sv. Annas ordenis ar šķēpiem;2;;100
171;Poručiks;Ozols Pēteris-Teodors;6. Tukuma LSP;Sv. Annas ordenis ar šķēpiem;2;;164
172;Poručiks;Graudiņš Krišus;6. Tukuma LSP;Sv. Annas ordenis ar šķēpiem;2;;205
173;Kapteinis;Krustiņš Andrejs;6. Tukuma LSP;Sv. Annas ordenis ar šķēpiem un banti;3;;54
174;Poručiks;Bērtulsons Fricis;6. Tukuma LSP;Sv. Annas ordenis ar šķēpiem un banti;3;;54
175;Poručiks;Sidorovs Gavrils;6. Tukuma LSP;Sv. Annas ordenis ar šķēpiem un banti;3;;54
176;Podporučiks;Graudiņš Krišus;6. Tukuma LSP;Sv. Annas ordenis ar šķēpiem un banti;3;;54
177;Podporučiks;Ofenders Roberts;6. Tukuma LSP;Sv. Annas ordenis ar šķēpiem un banti;3;;54
178;Praporščiks;Zemītis Vilhelms;6. Tukuma LSP;Sv. Annas ordenis ar šķēpiem un banti;3;;339
179;Poručiks;Dravnieks Žanis-Augusts;6. Tukuma LSP;Sv. Annas ordenis ar šķēpiem un banti;3;;352
180;Poručiks;Ozols Pēteris-Teodors;6. Tukuma LSP;Sv. Annas ordenis ar šķēpiem un banti;3;;352
181;Štābs kapteinis;Burbe Arnolds-Heinrihs;6. Tukuma LSP;Sv. Annas ordenis ar šķēpiem un banti;3;;419
182;Podporučiks;Zodijevs Nikolajs;6. Tukuma LSP;Sv. Annas ordenis ar šķēpiem un banti;3;;419
183;Poručiks;Dzinters Oļģerts;6. Tukuma LSP;Sv. Annas ordenis ar šķēpiem un banti;3;;475
184;Poručiks;Kaufelds Teodors;6. Tukuma LSP;Sv. Annas ordenis ar šķēpiem un banti;3;;475
185;Podporučiks;Dikmanis Harijs-Aleksandrs;6. Tukuma LSP;Sv. Annas ordenis (Par drosmi);4;;92
186;Praporščiks;Artum-Hartmanis Arnolds;6. Tukuma LSP;Sv. Annas ordenis (Par drosmi);4;;92
187;Praporščiks;Veiss Jānis;6. Tukuma LSP;Sv. Annas ordenis (Par drosmi);4;;92
188;Praporščiks;Kārklis Ansis;6. Tukuma LSP;Sv. Annas ordenis (Par drosmi);4;;92
189;Praporščiks;Āboliņš Hāns;6. Tukuma LSP;Sv. Annas ordenis (Par drosmi);4;;92
190;Praporščiks;Zemels Voldemārs;6. Tukuma LSP;Sv. Annas ordenis (Par drosmi);4;;92
191;Praporščiks;Briedis Jānis;6. Tukuma LSP;Sv. Annas ordenis (Par drosmi);4;;92
192;Praporščiks;Vanags Osvalds;6. Tukuma LSP;Sv. Annas ordenis (Par drosmi);4;;92
193;Podporučiks;Ūdentiņš Otto;6. Tukuma LSP;Sv. Annas ordenis (Par drosmi);4;;102
194;Praporščiks;Dzinters Oļģerts;6. Tukuma LSP;Sv. Annas ordenis (Par drosmi);4;;102
195;Praporščiks;Daibušs Indriķis-Ādolfs;6. Tukuma LSP;Sv. Annas ordenis (Par drosmi);4;;102
196;Praporščiks;Rozenbergs Jēkabs-Nikolajs;6. Tukuma LSP;Sv. Annas ordenis (Par drosmi);4;;102
197;Praporščiks;Kristsons Arvīds-Roberts;6. Tukuma LSP;Sv. Annas ordenis (Par drosmi);4;;102
198;Praporščiks;Veide Krišjānis;6. Tukuma LSP;Sv. Annas ordenis (Par drosmi);4;;102
199;Praporščiks;Čablis Alfrēds;6. Tukuma LSP;Sv. Annas ordenis (Par drosmi);4;;102
200;Praporščiks;Kaufelds Teodors;6. Tukuma LSP;Sv. Annas ordenis (Par drosmi);4;;102
201;Praporščiks;Brake Dāvids-Voldemārs;6. Tukuma LSP;Sv. Annas ordenis (Par drosmi);4;;102
202;Praporščiks;Liepiņš Vilhelms;6. Tukuma LSP;Sv. Annas ordenis (Par drosmi);4;;102
203;Praporščiks;Lāčkāja-Lače Donāts;6. Tukuma LSP;Sv. Annas ordenis (Par drosmi);4;;102
204;Praporščiks;Katoks Eižens;6. Tukuma LSP;Sv. Annas ordenis (Par drosmi);4;;102
205;Praporščiks;Ingermanis Hāns;6. Tukuma LSP;Sv. Annas ordenis (Par drosmi);4;;102
206;Praporščiks;Kesters Frīdrihs;6. Tukuma LSP;Sv. Annas ordenis (Par drosmi);4;;102
207;Praporščiks;Ansons Kārlis;6. Tukuma LSP;Sv. Annas ordenis (Par drosmi);4;;102
208;Praporščiks;Braunfelds Fricis;6. Tukuma LSP;Sv. Annas ordenis (Par drosmi);4;;102
209;Praporščiks;Jozefovičs Antons;6. Tukuma LSP;Sv. Annas ordenis (Par drosmi);4;;102
210;Praporščiks;Šenfelds Kārlis;6. Tukuma LSP;Sv. Annas ordenis (Par drosmi);4;;102
211;Praporščiks;Pupurs Osvalds;6. Tukuma LSP;Sv. Annas ordenis (Par drosmi);4;;102
212;Praporščiks;Jansons Alfrēds;6. Tukuma LSP;Sv. Annas ordenis (Par drosmi);4;;102
213;Praporščiks;Fritsons Jānis;6. Tukuma LSP;Sv. Annas ordenis (Par drosmi);4;;102
214;Praporščiks;Podnieks Kārlis;6. Tukuma LSP;Sv. Annas ordenis (Par drosmi);4;;171
215;Praporščiks;Gasmansi Pāvels-Roberts;6. Tukuma LSP;Sv. Annas ordenis (Par drosmi);4;;205
216;Štābs kapteinis;Burbe Arnolds-Heinrihs;6. Tukuma LSP;Serbijas Baltā ērgļa ordenis;4;;401
217;Podporučiks;Ēvalds Ludvigs-Vilhelms;7. Bauskas LSP;Sv. Jura zobens;;;102
218;Podporučiks;Muižulis Augusts;7. Bauskas LSP;Sv. Jura zobens;;;102
219;Podporučiks;Meldre Hugo;7. Bauskas LSP;Sv. Jura zobens;;;164
220;Kapteinis;Berķis Kārlis;7. Bauskas LSP;Sv. Jura zobens;;;290
221;Kapteinis;Vītols Jānis;7. Bauskas LSP;Sv. Jura ordenis;4;;174
222;Podporučiks;Šturms Pāvels-Aleksandrs;7. Bauskas LSP;Sv. Jura ordenis;4;Kritis;110
223;Podporučiks;Frikhofs Kārlis-Frīdrihs;7. Bauskas LSP;Sv. Jura ordenis;4;;110
224;Poručiks;Stulpiņš Jānis;7. Bauskas LSP;Sv. Jura ordenis;4;;110
225;Kapteinis;Vītols Jānis;7. Bauskas LSP;Kņaza Vladimira ordenis (ar šķēpiem un lenti);4;;236
226;Poručiks;Skudre Alfrēds;7. Bauskas LSP;Kņaza Vladimira ordenis (ar šķēpiem un lenti);4;;135
227;Poručiks;Goževics Augusts;7. Bauskas LSP;Kņaza Vladimira ordenis (ar šķēpiem un lenti);4;Kritis;135
228;Poručiks;Skaidrais Pēteris;7. Bauskas LSP;Kņaza Vladimira ordenis (ar šķēpiem un lenti);4;;236
229;Podporučiks;Taumanis Aleksandrs;7. Bauskas LSP;Kņaza Vladimira ordenis (ar šķēpiem un lenti);4;;135
230;Praporščiks;Strazdiņš Juris;7. Bauskas LSP;Kņaza Vladimira ordenis (ar šķēpiem un lenti);4;;135
231;Praporščiks;Liepiņš Jānis;7. Bauskas LSP;Kņaza Vladimira ordenis (ar šķēpiem un lenti);4;;135
232;Praporščiks;Vītols Emīls;7. Bauskas LSP;Kņaza Vladimira ordenis (ar šķēpiem un lenti);4;;135
233;Podporučiks;Isaļņikovs Aloizs;7. Bauskas LSP;Kņaza Vladimira ordenis (ar šķēpiem un lenti);4;;231
234;Praporščiks;Karls Nikolajs;7. Bauskas LSP;Sv. Staņislava ordenis ar šķēpiem;2;;92
235;Poručiks;Sprancis Kārlis;7. Bauskas LSP;Sv. Staņislava ordenis ar šķēpiem;2;;162
236;Ārsts;Ermanis Eduards;7. Bauskas LSP;Sv. Staņislava ordenis ar šķēpiem;2;;191
237;Kapteinis;Vītols Jānis;7. Bauskas LSP;Sv. Staņislava ordenis ar šķēpiem;2;;302
238;Praporščiks;Eijubs Kārlis;7. Bauskas LSP;Sv. Staņislava ordenis ar šķēpiem un lenti;3;;36
239;Praporščiks;Šuše-Farnasts Nikolajs;7. Bauskas LSP;Sv. Staņislava ordenis ar šķēpiem un lenti;3;;36
240;Poručiks;Štrums Pāvels-Aleksandrs;7. Bauskas LSP;Sv. Staņislava ordenis ar šķēpiem un lenti;3;;36
241;Poručiks;Dūdiņš Pēteris;7. Bauskas LSP;Sv. Staņislava ordenis ar šķēpiem un lenti;3;;54
242;Podporučiks;Muižulis Augusts;7. Bauskas LSP;Sv. Staņislava ordenis ar šķēpiem un lenti;3;;54
243;Praporščiks;Alps Jānis;7. Bauskas LSP;Sv. Staņislava ordenis ar šķēpiem un lenti;3;;54
244;Podporučiks;Mihailovs Aleksandrs;7. Bauskas LSP;Sv. Staņislava ordenis ar šķēpiem un lenti;3;;92
245;Praporščiks;Vārna Rūdolfs;7. Bauskas LSP;Sv. Staņislava ordenis ar šķēpiem un lenti;3;;92
246;Praporščiks;Neilands Augusts;7. Bauskas LSP;Sv. Staņislava ordenis ar šķēpiem un lenti;3;;92
247;Praporščiks;Nullītis Eduards;7. Bauskas LSP;Sv. Staņislava ordenis ar šķēpiem un lenti;3;;92
248;Praporščiks;Kalniņš Jānis;7. Bauskas LSP;Sv. Staņislava ordenis ar šķēpiem un lenti;3;;162
249;Praporščiks;Taube Aleksandrs;7. Bauskas LSP;Sv. Staņislava ordenis ar šķēpiem un lenti;3;;162
250;Praporščiks;Deičs Jānis;7. Bauskas LSP;Sv. Staņislava ordenis ar šķēpiem un lenti;3;;419
251;Praporščiks;Niedra Voldemārs-Kārlis;7. Bauskas LSP;Sv. Staņislava ordenis ar šķēpiem un lenti;3;;419
252;Podporučiks;Aizpors-Čaplis Aleksandrs;7. Bauskas LSP;Sv. Staņislava ordenis ar šķēpiem un lenti;3;;419
253;Podporučiks;Sniķeris;7. Bauskas LSP;Sv. Staņislava ordenis ar šķēpiem un lenti;3;;490
254;Poručiks;Pučkovs Leonīds;7. Bauskas LSP;Sv. Annas ordenis ar šķēpiem un banti;3;;54
255;Podporučiks;Alps Jānis;7. Bauskas LSP;Sv. Annas ordenis ar šķēpiem un banti;3;;92
256;Podporučiks;Silkalns Voldemārs;7. Bauskas LSP;Sv. Annas ordenis ar šķēpiem un banti;4;“Par drosmi” 4. pakāpe;92
257;Praporščiks;Lečmanis Kārlis;7. Bauskas LSP;Sv. Annas ordenis ar šķēpiem un banti;4;“Par drosmi” 4. pakāpe;92
258;Podporučiks;Villers Voldemārs;7. Bauskas LSP;Sv. Annas ordenis ar šķēpiem un banti;4;“Par drosmi” 4. pakāpe;162
259;Podporučiks;Muižulis Augusts;7. Bauskas LSP;Sv. Annas ordenis ar šķēpiem un banti;3;;162
260;Podporučiks;Silkalns Voldemārs;7. Bauskas LSP;Sv. Annas ordenis ar šķēpiem un banti;3;;162
261;Praporščiks;Isaļņikovs Aloizs;7. Bauskas LSP;Sv. Annas ordenis ar šķēpiem un banti;3;;162
262;Praporščiks;Simanovs Afanasijs;7. Bauskas LSP;Sv. Annas ordenis (Par drosmi);4;;92
263;Praporščiks;Briedis Otto;7. Bauskas LSP;Sv. Annas ordenis (Par drosmi);4;;92
264;Praporščiks;Krastiņš Frīdbergs;7. Bauskas LSP;Sv. Annas ordenis (Par drosmi);4;;92
265;Praporščiks;Apsītis Jūlijs;7. Bauskas LSP;Sv. Annas ordenis (Par drosmi);4;;92
266;Praporščiks;Luzulis Roberts;7. Bauskas LSP;Sv. Annas ordenis (Par drosmi);4;;92
267;Praporščiks;Kalniņš Antons;7. Bauskas LSP;Sv. Annas ordenis (Par drosmi);4;;92
268;Praporščiks;Kaktiņš Antons;7. Bauskas LSP;Sv. Annas ordenis (Par drosmi);4;;92
269;Praporščiks;Taube Aleksandrs;7. Bauskas LSP;Sv. Annas ordenis (Par drosmi);4;;92
270;Praporščiks;Bross Pēteris;7. Bauskas LSP;Sv. Annas ordenis (Par drosmi);4;;92
271;Praporščiks;Luigs Jānis;7. Bauskas LSP;Sv. Annas ordenis (Par drosmi);4;;92
272;Praporščiks;Neibots Aleksandrs;7. Bauskas LSP;Sv. Annas ordenis (Par drosmi);4;;92
273;Praporščiks;Kalniņš Jānis;7. Bauskas LSP;Sv. Annas ordenis (Par drosmi);4;;92
274;Praporščiks;Graumanis Alfrēds;7. Bauskas LSP;Sv. Annas ordenis (Par drosmi);4;;92
275;Praporščiks;Kaktabuls Žanis;7. Bauskas LSP;Sv. Annas ordenis (Par drosmi);4;;92
276;Praporščiks;Grindulis Kārlis;7. Bauskas LSP;Sv. Annas ordenis (Par drosmi);4;;92
277;Praporščiks;Rafaels Ģederts;7. Bauskas LSP;Sv. Annas ordenis (Par drosmi);4;;92
278;Poručiks;Ēvalds Elmals-Herberts;7. Bauskas LSP;Sv. Annas ordenis (Par drosmi);4;;102
279;Podporučiks;Milgrāvis Jānis;7. Bauskas LSP;Sv. Annas ordenis (Par drosmi);4;;102
280;Podporučiks;Soļskis Sergejs;7. Bauskas LSP;Sv. Annas ordenis (Par drosmi);4;;136
281;Poručiks;Taumanis Aleksandrs;7. Bauskas LSP;Sv. Annas ordenis (Par drosmi);4;;267
282;Štābs kapteinis;Sprancis Kārlis Jāņa d.;7. Bauskas LSP;Serbijas Baltā ērgļa ordenis;4;;401
283;Pulkvedis-leitn.;Imaks Jānis;8. Valmieras LSP;Sv. Jura zobens;;;146
284;Poručiks;Aplociņš Ludvigs;8. Valmieras LSP;Sv. Jura zobens;;;146
285;Podporučiks;Bojārs Kārlis;8. Valmieras LSP;Sv. Jura zobens;;;102
286;Pulkvedis;Avens Pēteris;8. Valmieras LSP;Sv. Jura zobens;;;297
287;Poručiks;Zvaigzne Jānis;8. Valmieras LSP;Sv. Jura ordenis;4;;110
288;Štābs kapteinis;Pone Kristaps-Jēkabs;8. Valmieras LSP;Kņaza Vladimira ordenis (ar šķēpiem un lenti);4;;482
289;Poručiks;Kapustins Viktors;8. Valmieras LSP;Kņaza Vladimira ordenis (ar šķēpiem un lenti);4;;482
290;Poručiks;Munners Jēkabs;8. Valmieras LSP;Kņaza Vladimira ordenis (ar šķēpiem un lenti);4;;135
291;Poručiks;Eņģelis Kārlis;8. Valmieras LSP;Kņaza Vladimira ordenis (ar šķēpiem un lenti);4;;135
292;Poručiks;Lāzners Georgs;8. Valmieras LSP;Kņaza Vladimira ordenis (ar šķēpiem un lenti);4;;236
293;Poručiks;Oļisovs Pāvels;8. Valmieras LSP;Kņaza Vladimira ordenis (ar šķēpiem un lenti);4;Kritis;236
294;Podporučiks;Āboliņš Nikolajs;8. Valmieras LSP;Kņaza Vladimira ordenis (ar šķēpiem un lenti);4;;236
295;Podporučiks;Veinbergs Ernests;8. Valmieras LSP;Kņaza Vladimira ordenis (ar šķēpiem un lenti);4;;482
296;Podporučiks;Karlsons Roberts;8. Valmieras LSP;Kņaza Vladimira ordenis (ar šķēpiem un lenti);4;;135
297;Podporučiks;Lapsels Jānis;8. Valmieras LSP;Kņaza Vladimira ordenis (ar šķēpiem un lenti);4;;135
298;Praporščiks;Valdmanis Elmārs;8. Valmieras LSP;Kņaza Vladimira ordenis (ar šķēpiem un lenti);4;;135
299;Praporščiks;Kārkluvalks Kārlis;8. Valmieras LSP;Kņaza Vladimira ordenis (ar šķēpiem un lenti);4;Kritis;135
300;Praporščiks;Bukka Juris;8. Valmieras LSP;Kņaza Vladimira ordenis (ar šķēpiem un lenti);4;Kritis;135
301;Poručiks;Freimanis Rūdolfs-Indriķis;8. Valmieras LSP;Sv. Staņislava ordenis ar šķēpiem;2;;92
302;Poručiks;Grīnvalds Pēteris;8. Valmieras LSP;Sv. Staņislava ordenis ar šķēpiem;2;;92
303;Pulkvedis;Francis Gustavs;8. Valmieras LSP;Sv. Staņislava ordenis ar šķēpiem;2;;253
304;Poručiks;Lāzners Georgs-Aleksandrs;8. Valmieras LSP;Sv. Staņislava ordenis ar šķēpiem;2;;446
305;Poručiks;Krūmiņš Jānis;8. Valmieras LSP;Sv. Staņislava ordenis ar šķēpiem;2;;446
306;Poručiks;Ābols Nikolajs;8. Valmieras LSP;Sv. Staņislava ordenis ar šķēpiem;2;;446
307;Podporučiks;Šimoļunas Valentīns;8. Valmieras LSP;Sv. Staņislava ordenis ar šķēpiem;2;;446
308;Podporučiks;Budze Ernests;8. Valmieras LSP;Sv. Staņislava ordenis ar šķēpiem;2;;446
309;Podporučiks;Vilams Juris;8. Valmieras LSP;Sv. Staņislava ordenis ar šķēpiem;2;;92
310;Ārsts;Bistrovs Pēteris;8. Valmieras LSP;Sv. Staņislava ordenis ar šķēpiem un lenti;3;;36
311;Ārsts;Sniķeris Reinholds;8. Valmieras LSP;Sv. Staņislava ordenis ar šķēpiem un lenti;3;;36
312;Poručiks;Eņģelis Kārlis;8. Valmieras LSP;Sv. Staņislava ordenis ar šķēpiem un lenti;3;;54
313;Podporučiks;Vanags Jānis;8. Valmieras LSP;Sv. Staņislava ordenis ar šķēpiem un lenti;3;;54
314;Praporščiks;Maktenieks Mārtiņš;8. Valmieras LSP;Sv. Staņislava ordenis ar šķēpiem un lenti;3;;92
315;Ārsts;Ploriņš Aleksandrs;8. Valmieras LSP;Sv. Staņislava ordenis ar šķēpiem un lenti;3;;191
316;Podporučiks;Rozenbergs Hermanis;8. Valmieras LSP;Sv. Staņislava ordenis ar šķēpiem un lenti;3;;446
317;Podporučiks;Jākobsons Fēlikss;8. Valmieras LSP;Sv. Staņislava ordenis ar šķēpiem un lenti;3;;446
318;Podporučiks;Pijps Nikolajs;8. Valmieras LSP;Sv. Staņislava ordenis ar šķēpiem un lenti;3;;446
319;Podporučiks;Spriņģis Ansis-Alberts;8. Valmieras LSP;Sv. Staņislava ordenis ar šķēpiem un lenti;3;;446
320;Podporučiks;Šķiņķis Hugo;8. Valmieras LSP;Sv. Staņislava ordenis ar šķēpiem un lenti;3;;446
321;Praporščiks;Bilkins Osvalds;8. Valmieras LSP;Sv. Staņislava ordenis ar šķēpiem un lenti;3;;446
322;Praporščiks;Eimanis Vilis-Ādolfs;8. Valmieras LSP;Sv. Staņislava ordenis ar šķēpiem un lenti;3;;446
323;Praporščiks;Pētersons Jānis;8. Valmieras LSP;Sv. Staņislava ordenis ar šķēpiem un lenti;3;;446
324;Praporščiks;Esins Žanis-Miķelis;8. Valmieras LSP;Sv. Staņislava ordenis ar šķēpiem un lenti;3;;446
325;Praporščiks;Blumbergs Kārlis;8. Valmieras LSP;Sv. Staņislava ordenis ar šķēpiem un lenti;3;;446
326;Poručiks;Liepa Frīdrihs;8. Valmieras LSP;Sv. Staņislava ordenis ar šķēpiem un lenti;3;;455
327;Podporučiks;Krastiņš Krišjānis;8. Valmieras LSP;Sv. Staņislava ordenis ar šķēpiem un lenti;3;;455
328;Podporučiks;Eikerts Krists;8. Valmieras LSP;Sv. Staņislava ordenis ar šķēpiem un lenti;3;;455
329;Praporščiks;Aplociņš Eduards;8. Valmieras LSP;Sv. Staņislava ordenis ar šķēpiem un lenti;3;;455
330;Praporščiks;Valters Valdis;8. Valmieras LSP;Sv. Staņislava ordenis ar šķēpiem un lenti;3;;455
331;Podporučiks;Skuja Pēteris-Augusts;8. Valmieras LSP;Sv. Staņislava ordenis ar šķēpiem un lenti;3;;455
332;Podporučiks;Šlesers Pēteris-Rihards;8. Valmieras LSP;Sv. Staņislava ordenis ar šķēpiem un lenti;3;;455
333;Praporščiks;Āzacis Kārlis;8. Valmieras LSP;Sv. Staņislava ordenis ar šķēpiem un lenti;3;;455
334;Praporščiks;Bimaus Kārlis;8. Valmieras LSP;Sv. Staņislava ordenis ar šķēpiem un lenti;3;;455
335;Praporščiks;Birzulis Jānis;8. Valmieras LSP;Sv. Staņislava ordenis ar šķēpiem un lenti;3;;455
336;Praporščiks;Vilciņš Konrāds-Jūlijs;8. Valmieras LSP;Sv. Staņislava ordenis ar šķēpiem un lenti;3;;455
337;Praporščiks;Gliebovskis Boris;8. Valmieras LSP;Sv. Staņislava ordenis ar šķēpiem un lenti;3;;455
338;Praporščiks;Grieze Roberts;8. Valmieras LSP;Sv. Staņislava ordenis ar šķēpiem un lenti;3;;455
339;Praporščiks;Grīslis Rūdolfs;8. Valmieras LSP;Sv. Staņislava ordenis ar šķēpiem un lenti;3;;455
340;Praporščiks;Dorede Pēteris;8. Valmieras LSP;Sv. Staņislava ordenis ar šķēpiem un lenti;3;;455
341;Praporščiks;Zīverts Kārlis;8. Valmieras LSP;Sv. Staņislava ordenis ar šķēpiem un lenti;3;;455
342;Praporščiks;Kreicbergs Žanis;8. Valmieras LSP;Sv. Staņislava ordenis ar šķēpiem un lenti;3;;455
343;Praporščiks;Orrs Aleksandrs;8. Valmieras LSP;Sv. Staņislava ordenis ar šķēpiem un lenti;3;;455
344;Praporščiks;Pļavenieks Nikolajs;8. Valmieras LSP;Sv. Staņislava ordenis ar šķēpiem un lenti;3;;455
345;Praporščiks;Pannenovs Andrejs-Voldemārs;8. Valmieras LSP;Sv. Staņislava ordenis ar šķēpiem un lenti;3;;455
346;Praporščiks;Rudzītis Alfrēds;8. Valmieras LSP;Sv. Staņislava ordenis ar šķēpiem un lenti;3;;455
347;Praporščiks;Freimanis Arturs;8. Valmieras LSP;Sv. Staņislava ordenis ar šķēpiem un lenti;3;;455
348;Praporščiks;Šmīdre Konstantīns;8. Valmieras LSP;Sv. Staņislava ordenis ar šķēpiem un lenti;3;;455
349;Poručiks;Rote Jānis;8. Valmieras LSP;Sv. Staņislava ordenis ar šķēpiem un lenti;3;;494
350;Podporučiks;Kalniņš Fricis;8. Valmieras LSP;Sv. Annas ordenis ar šķēpiem;2;;150
351;Poručiks;Kristofors Kārlis;8. Valmieras LSP;Sv. Annas ordenis ar šķēpiem;2;;158
352;Poručiks;Grīnvalds Pēteris;8. Valmieras LSP;Sv. Annas ordenis ar šķēpiem;2;;446
353;Poručiks;Krūmiņš Vits;8. Valmieras LSP;Sv. Annas ordenis ar šķēpiem;2;;446
354;Poručiks;Freimanis Ludvigs-Heinrihs;8. Valmieras LSP;Sv. Annas ordenis ar šķēpiem;2;;467
355;Poručiks;Aplociņš Ludvigs;8. Valmieras LSP;Sv. Annas ordenis ar šķēpiem;2;;467
356;Poručiks;Biezais Jēkabs;8. Valmieras LSP;Sv. Annas ordenis ar šķēpiem un lenti;3;;54
357;Poručiks;Grīnvalds Pēteris;8. Valmieras LSP;Sv. Annas ordenis ar šķēpiem un lenti;3;;54
358;Poručiks;Vorps Augusts;8. Valmieras LSP;Sv. Annas ordenis ar šķēpiem un lenti;3;;54
359;Podporučiks;Oļisovs Pāvels;8. Valmieras LSP;Sv. Annas ordenis ar šķēpiem un lenti;3;;54
360;Podporučiks;Jansons Aleksandrs;8. Valmieras LSP;Sv. Annas ordenis ar šķēpiem un lenti;3;;54
361;Podporučiks;Villems Juris-Indriķis;8. Valmieras LSP;Sv. Annas ordenis ar šķēpiem un lenti;3;;54
362;Podporučiks;Krūmiņš Jānis;8. Valmieras LSP;Sv. Annas ordenis ar šķēpiem un lenti;3;;54
363;Podporučiks;Švimpulis Dāvids;8. Valmieras LSP;Sv. Annas ordenis ar šķēpiem un lenti;3;;54
364;Poručiks;Klave Frīdrihs;8. Valmieras LSP;Sv. Annas ordenis ar šķēpiem un lenti;3;;92
365;Poručiks;Orre Jānis;8. Valmieras LSP;Sv. Annas ordenis ar šķēpiem un lenti;3;;92
366;Poručiks;Šlesers Pēteris-Rihards;8. Valmieras LSP;Sv. Annas ordenis ar šķēpiem un lenti;3;;446
367;Ārsts;Renteris Jūlijs;8. Valmieras LSP;Sv. Annas ordenis ar šķēpiem un lenti;3;;488
368;Podporučiks;Spriņģis Ansis-Alberts;8. Valmieras LSP;Sv. Annas ordenis (Par drosmi);4;;92
369;Podporučiks;Krūmiņš Jānis;8. Valmieras LSP;Sv. Annas ordenis (Par drosmi);4;;92
370;Podporučiks;Korņilovičs Kornēlijs;8. Valmieras LSP;Sv. Annas ordenis (Par drosmi);4;;92
371;Praporščiks;Markaus Jānis;8. Valmieras LSP;Sv. Annas ordenis (Par drosmi);4;;92
372;Praporščiks;Upestozups Alfrēds;8. Valmieras LSP;Sv. Annas ordenis (Par drosmi);4;;92
373;Praporščiks;Jaips Nikolajs;8. Valmieras LSP;Sv. Annas ordenis (Par drosmi);4;;92
374;Praporščiks;Riters Jānis;8. Valmieras LSP;Sv. Annas ordenis (Par drosmi);4;;92
375;Praporščiks;Bernhards Pāvels;8. Valmieras LSP;Sv. Annas ordenis (Par drosmi);4;;92
376;Praporščiks;Svirskis Jānis;8. Valmieras LSP;Sv. Annas ordenis (Par drosmi);4;;92
377;Praporščiks;Ābelītis Jānis;8. Valmieras LSP;Sv. Annas ordenis (Par drosmi);4;;92
378;Praporščiks;Šķiņķis Hugo;8. Valmieras LSP;Sv. Annas ordenis (Par drosmi);4;;92
379;Praporščiks;Valters Jūlijs;8. Valmieras LSP;Sv. Annas ordenis (Par drosmi);4;;92
380;Praporščiks;Rote Jānis;8. Valmieras LSP;Sv. Annas ordenis (Par drosmi);4;;92
381;Praporščiks;Petrovičs Pāvels;8. Valmieras LSP;Sv. Annas ordenis (Par drosmi);4;;92
382;Praporščiks;Vessels Matīss;8. Valmieras LSP;Sv. Annas ordenis (Par drosmi);4;;92
383;Praporščiks;Veinbergs Ernests;8. Valmieras LSP;Sv. Annas ordenis (Par drosmi);4;;92
384;Praporščiks;Egle Jānis;8. Valmieras LSP;Sv. Annas ordenis (Par drosmi);4;;92
385;Praporščiks;Pētersons Jānis;8. Valmieras LSP;Sv. Annas ordenis (Par drosmi);4;;92
386;Praporščiks;Brāķis Kārlis;8. Valmieras LSP;Sv. Annas ordenis (Par drosmi);4;;92
387;Praporščiks;Krumulds Jānis;8. Valmieras LSP;Sv. Annas ordenis (Par drosmi);4;;92
388;Praporščiks;Dišlers Fricis;8. Valmieras LSP;Sv. Annas ordenis (Par drosmi);4;;92
389;Praporščiks;Zvirbulis Kirils;8. Valmieras LSP;Sv. Annas ordenis (Par drosmi);4;;92
390;Praporščiks;Esiņš Miķelis;8. Valmieras LSP;Sv. Annas ordenis (Par drosmi);4;;92
391;Praporščiks;Eimanis Vilis-Ādolfs;8. Valmieras LSP;Sv. Annas ordenis (Par drosmi);4;;92
392;Praporščiks;Krieviņš Mārtiņš;8. Valmieras LSP;Sv. Annas ordenis (Par drosmi);4;Kritis;92
393;Praporščiks;Bērziņš Edgars;8. Valmieras LSP;Sv. Annas ordenis (Par drosmi);4;Kritis;92
394;Praporščiks;Magens Nikolajs;8. Valmieras LSP;Sv. Annas ordenis (Par drosmi);4;;92
395;Podporučiks;Rozenbergs Hermanis;8. Valmieras LSP;Sv. Annas ordenis (Par drosmi);4;;100
396;Podporučiks;Krūmiņš Vits;8. Valmieras LSP;Sv. Annas ordenis (Par drosmi);4;;102
397;Poručiks;Biezais Jēkabs;8. Valmieras LSP;Sv. Annas ordenis (Par drosmi);4;;446
398;Poručiks;Karlsons Roberts;8. Valmieras LSP;Sv. Annas ordenis (Par drosmi);4;;446
399;Poručiks;Liepa Frīdrihs;8. Valmieras LSP;Sv. Annas ordenis (Par drosmi);4;;446
400;Podporučiks;Ozoliņš Pēteris;8. Valmieras LSP;Sv. Annas ordenis (Par drosmi);4;;446
401;Podporučiks;Skuja Pēteris-Augusts;8. Valmieras LSP;Sv. Annas ordenis (Par drosmi);4;;446
402;Podporučiks;Valdmanis Emīls-Johans;8. Valmieras LSP;Sv. Annas ordenis (Par drosmi);4;;446
403;Podporučiks;Ekkerts Krists;8. Valmieras LSP;Sv. Annas ordenis (Par drosmi);4;;446
404;Podporučiks;Cēzars Mihails;8. Valmieras LSP;Sv. Annas ordenis (Par drosmi);4;;446
405;Podporučiks;Freimanis Arturs;8. Valmieras LSP;Sv. Annas ordenis (Par drosmi);4;;446
406;Podporučiks;Birzulis Jānis;8. Valmieras LSP;Sv. Annas ordenis (Par drosmi);4;;446
407;Podporučiks;Krastiņš Krišjānis;8. Valmieras LSP;Sv. Annas ordenis (Par drosmi);4;;446
408;Praporščiks;Liepiņš Nikolajs;8. Valmieras LSP;Sv. Annas ordenis (Par drosmi);4;;446
409;Praporščiks;Valters Valdis;8. Valmieras LSP;Sv. Annas ordenis (Par drosmi);4;;446
410;Praporščiks;Pupnenovs Andrejs-Voldemārs;8. Valmieras LSP;Sv. Annas ordenis (Par drosmi);4;;446
411;Praporščiks;Lazdiņš Augusts;8. Valmieras LSP;Sv. Annas ordenis (Par drosmi);4;;446
412;Praporščiks;Ulmanis Eduards;8. Valmieras LSP;Sv. Annas ordenis (Par drosmi);4;;446
413;Praporščiks;Liepa Kristofors-Dāvids;8. Valmieras LSP;Sv. Annas ordenis (Par drosmi);4;;446
414;Praporščiks;Arits Voldemārs;8. Valmieras LSP;Sv. Annas ordenis (Par drosmi);4;;446
415;Praporščiks;Štrauhs Kārlis;8. Valmieras LSP;Sv. Annas ordenis (Par drosmi);4;;446
416;Praporščiks;Rozenbergs Oskars;8. Valmieras LSP;Sv. Annas ordenis (Par drosmi);4;;446
417;Praporščiks;Āzacis Kārlis;8. Valmieras LSP;Sv. Annas ordenis (Par drosmi);4;;446
418;Praporščiks;Šmīdre Konstantīns;8. Valmieras LSP;Sv. Annas ordenis (Par drosmi);4;;446
419;Praporščiks;Pļavenieks Nikolajs;8. Valmieras LSP;Sv. Annas ordenis (Par drosmi);4;;446
420;Praporščiks;Paeglītis Mārtiņš;8. Valmieras LSP;Sv. Annas ordenis (Par drosmi);4;;446
421;Praporščiks;Sproģis Žanis;8. Valmieras LSP;Sv. Annas ordenis (Par drosmi);4;;446
422;Praporščiks;Aluts Rūdolfs;8. Valmieras LSP;Sv. Annas ordenis (Par drosmi);4;;446
423;Praporščiks;Vītols Kārlis;8. Valmieras LSP;Sv. Annas ordenis (Par drosmi);4;;446
424;Praporščiks;Dreijers Andrejs;8. Valmieras LSP;Sv. Annas ordenis (Par drosmi);4;;446
425;Praporščiks;Ralis Krišjānis;8. Valmieras LSP;Sv. Annas ordenis (Par drosmi);4;;446
426;Praporščiks;Grigors Kārlis;8. Valmieras LSP;Sv. Annas ordenis (Par drosmi);4;;446
427;Praporščiks;Kreinbergs Žanis;8. Valmieras LSP;Sv. Annas ordenis (Par drosmi);4;;446
428;Praporščiks;Bikaus Kārlis;8. Valmieras LSP;Sv. Annas ordenis (Par drosmi);4;;446
429;Praporščiks;Dābols Pēteris;8. Valmieras LSP;Sv. Annas ordenis (Par drosmi);4;;446
430;Praporščiks;Orrs Aleksandrs;8. Valmieras LSP;Sv. Annas ordenis (Par drosmi);4;;446
431;Praporščiks;Vilde Jānis;8. Valmieras LSP;Sv. Annas ordenis (Par drosmi);4;;446
432;Praporščiks;Vilciņš Kondrāts-Jūlijs;8. Valmieras LSP;Sv. Annas ordenis (Par drosmi);4;;446
433;Praporščiks;Alste Johans-Alberts;8. Valmieras LSP;Sv. Annas ordenis (Par drosmi);4;;446
434;Praporščiks;Eglītis Jānis;8. Valmieras LSP;Sv. Annas ordenis (Par drosmi);4;;446
435;Praporščiks;Rudzītis Alfrēds;8. Valmieras LSP;Sv. Annas ordenis (Par drosmi);4;;446
436;Praporščiks;Dombrovskis Bernhards-Johans;8. Valmieras LSP;Sv. Annas ordenis (Par drosmi);4;;446
437;Štābs kapteinis;Ozols Voldemārs;2. Brigādes štābs;Sv. Jura ordenis, 4. šķira;;;
438;Pulkvedis;Vācietis Joakims (Jukums);2. Brigādes štābs;Kņaza Vladimira ordenis, 3. pakāpe (ar šķēpiem);;;
439;Štābs kapteinis;Ozols Voldemārs;2. Brigādes štābs;Kņaza Vladimira ordenis, 4. pakāpe (ar šķēpiem);;;
440;Brigādes ārsts;Sniķeris Pēteris;2. Brigādes štābs;Kņaza Vladimira ordenis, 4. pakāpe (ar šķēpiem);;;
441;Podporučiks;Švēde Kārlis;2. Brigādes štābs;Kņaza Vladimira ordenis, 4. pakāpe (ar šķēpiem);;;
442;Poručiks;Busse;2. Brigādes štābs;Sv. Staņislava ordenis, 3. pakāpe (ar šķēpiem un lentu);;;
443;Podporučiks;Švēde Kārlis;2. Brigādes štābs;Sv. Staņislava ordenis, 3. pakāpe (ar šķēpiem un lentu);;;
444;Podporučiks;Saulītis Teodors;2. Brigādes štābs;Sv. Staņislava ordenis, 3. pakāpe (ar šķēpiem un lentu);;;
445;Poručiks;Šenfelds;2. Brigādes štābs;Sv. Staņislava ordenis, 3. pakāpe (ar šķēpiem un lentu);;;
446;Poručiks;Biezais Jēkabs;2. Brigādes štābs;Sv. Staņislava ordenis, 2. pakāpe (ar šķēpiem);;;
447;Kapteinis;Dambītis;2. Brigādes štābs;Sv. Annas ordenis, 2. pakāpe (ar šķēpiem);;;
448;Poručiks;Lakstīgals;2. Brigādes štābs;Sv. Annas ordenis, 2. pakāpe (ar šķēpiem);;;
449;Podporučiks;Ozoliņš;2. Brigādes štābs;Sv. Annas ordenis, 3. pakāpe (ar šķēpiem un lenti);;;
450;Seržants;Ābels Kārlis Mārtiņa d.;5. Zemgales LSP;Sv. Jura ordenis;1;Krusts;217
451;Strēlnieks;Ābols Pēteris Friča d.;5. Zemgales LSP;Sv. Jura ordenis;4;;217
452;Strēlnieks;Avotnieks Jēkabs Labrenča d.;5. Zemgales LSP;Sv. Jura ordenis;4;;217
453;Strēlnieks;Ādamsons Augusts Gusta d.;5. Zemgales LSP;Sv. Jura ordenis;4;;217
454;Strēlnieks;Anskalns Johans Kriša d.;5. Zemgales LSP;Sv. Jura ordenis;4;;217
455;Kaprālis;Auziņš Donāts Jēkaba d.;5. Zemgales LSP;Sv. Jura ordenis;3;;217
456;Strēlnieks;Ādamsons Ernests Kārļa d.;5. Zemgales LSP;Sv. Jura ordenis;3;;217
457;Seržants;Apsītis Eduards Jūlija d.;5. Zemgales LSP;Sv. Jura ordenis;3;;273
458;Strēlnieks;Andersons Arvīds Kārļa d.;5. Zemgales LSP;Sv. Jura ordenis;4;;273
459;Dižkarievis;Akmens Jānis Reiņa d.;5. Zemgales LSP;Sv. Jura ordenis;4;;273
460;Virsseržants;Ambainis Jānis Jāņa d.;5. Zemgales LSP;Sv. Jura ordenis;3;Medaļa;273
461;Strēlnieks;Ādamsons Ernests Kārļa d.;5. Zemgales LSP;Sv. Jura ordenis;4;Medaļa;274
462;Strēlnieks;Ābels Alfrēds Sīmaņa d.;5. Zemgales LSP;Sv. Jura ordenis;4;;274
463;Strēlnieks;Apiņš Ernests Otto d.;5. Zemgales LSP;Sv. Jura ordenis;4;;274
464;Strēlnieks;Ādamsons Eižens Ādama d.;5. Zemgales LSP;Sv. Jura ordenis;4;;274
465;Strēlnieks;Auniņš Pēteris Jāņa d.;5. Zemgales LSP;Sv. Jura ordenis;4;;274
466;Strēlnieks;Anševics Fricis Anša d.;5. Zemgales LSP;Sv. Jura ordenis;4;;274
467;Strēlnieks;Andermanis Alberts Jāņa d.;5. Zemgales LSP;Sv. Jura ordenis;4;;274
468;Strēlnieks;Anspoks Augusts Ādama d.;5. Zemgales LSP;Sv. Jura ordenis;4;;274
469;Strēlnieks;Andersons Teodors Teodora d.;5. Zemgales LSP;Sv. Jura ordenis;4;;274
470;Strēlnieks;Ābols Ansis Jāņa d.;5. Zemgales LSP;Sv. Jura ordenis;4;Krusts;300
471;Strēlnieks;Ārsts Žanis Jāņa d.;5. Zemgales LSP;Sv. Jura ordenis;4;;300
472;Strēlnieks;Adiņš Gustavs Jāņa d.;5. Zemgales LSP;Sv. Jura ordenis;4;Medaļa;331
473;Strēlnieks;Apsītis Antons Kārļa d.;5. Zemgales LSP;Sv. Jura ordenis;4;;398
474;Strēlnieks;Atamanovs Pēteris Stratana d.;5. Zemgales LSP;Sv. Jura ordenis;4;;398
475;Seržants;Briedis Rūdolfs Jāņa d.;5. Zemgales LSP;Sv. Jura ordenis;2;Krusts;217
476;Kaprālis;Baišla Jūlijs Pāvila d.;5. Zemgales LSP;Sv. Jura ordenis;3;;217
477;Strēlnieks;Bisenieks Jānis Jura d.;5. Zemgales LSP;Sv. Jura ordenis;4;;217
478;Dižkareivis;Bērzmārtiņš Jānis Indriķa d.;5. Zemgales LSP;Sv. Jura ordenis;4;;217
479;Strēlnieks;Bērzs Jānis Jēkaba d.;5. Zemgales LSP;Sv. Jura ordenis;4;;217
480;Dižkareivis;Bormanis Jānis Mārtiņa d.;5. Zemgales LSP;Sv. Jura ordenis;4;;217
481;Dižkareivis;Bullis Jēkabs Ermaņa d.;5. Zemgales LSP;Sv. Jura ordenis;4;;217
482;Dižkareivis;Bergmanis Dāvids Indriķa d.;5. Zemgales LSP;Sv. Jura ordenis;4;;217
483;Seržants;Borisovs Domeniks Miķeļa d.;5. Zemgales LSP;Sv. Jura ordenis;3;;273
484;Strēlnieks;Boks Žanis Kārļa d.;5. Zemgales LSP;Sv. Jura ordenis;4;Krusts;273
485;Kaprālis;Beķķeris Pēteris Gusta d.;5. Zemgales LSP;Sv. Jura ordenis;4;;273
486;Seržants;Birns (Virns) Gotfrīds;5. Zemgales LSP;Sv. Jura ordenis;4;;273
487;Kaprālis;Betlers Kārlis Jāņa d.;5. Zemgales LSP;Sv. Jura ordenis;4;;273
488;Strēlnieks;Bērziņš Oskars Pētera d.;5. Zemgales LSP;Sv. Jura ordenis;4;;273
489;Strēlnieks;Bitups Arturs Friča d.;5. Zemgales LSP;Sv. Jura ordenis;4;;273
490;Strēlnieks;Beita Jānis Mārtiņa d.;5. Zemgales LSP;Sv. Jura ordenis;4;;273
491;Seržants ;Bieže Jēkabs Jāņa d.;5. Zemgales LSP;Sv. Jura ordenis;4;;273
492;Strēlnieks;Brūžiks Juris-Jozefs;5. Zemgales LSP;Sv. Jura ordenis;4;;273
493;Strēlnieks;Breijers Fricis Jāņa d.;5. Zemgales LSP;Sv. Jura ordenis;4;;273
494;Dižkareivis;Baumanis Antons Teņa d.;5. Zemgales LSP;Sv. Jura ordenis;4;Medaļa;274
495;Strēlnieks;Bērziņš Pēteris Matīsa d.;5. Zemgales LSP;Sv. Jura ordenis;4;;274
496;Dižkareivis;Bušs Roberts Andreja d.;5. Zemgales LSP;Sv. Jura ordenis;4;;274
497;Strēlnieks;Birznieks Jēkabs Kriša d.;5. Zemgales LSP;Sv. Jura ordenis;4;;274
498;Strēlnieks;Bušs Jānis Grietas d.;5. Zemgales LSP;Sv. Jura ordenis;4;;274
499;Strēlnieks;Bīriņš Augusts Friča d.;5. Zemgales LSP;Sv. Jura ordenis;4;;274
500;Dižkareivis;Brūveris Fricis Jāņa d.;5. Zemgales LSP;Sv. Jura ordenis;4;;274
501;Sanitārs;Brikmanis Pēteris Mārča d.;5. Zemgales LSP;Sv. Jura ordenis;4;Medaļa;274
502;Sanitārs;Bērziņš Jānis Jāņa d.;5. Zemgales LSP;Sv. Jura ordenis;4;;274
503;Strēlnieks;Balodis Ādolfs Ādolfa d.;5. Zemgales LSP;Sv. Jura ordenis;4;;274
504;Kaprālis;Buholcs Kārlis Johana d.;5. Zemgales LSP;Sv. Jura ordenis;4;;274
505;Dižkareivis;Birga Fricis Miķeļa d.;5. Zemgales LSP;Sv. Jura ordenis;4;;274
506;Strēlnieks;Briedis Žanis Jēkaba d.;5. Zemgales LSP;Sv. Jura ordenis;4;;274
507;Seržants;Balodis Voldemārs Kārļa d.;5. Zemgales LSP;Sv. Jura ordenis;4;;274
508;Kaprālis;Bojārs Kārlis Miķeļa d.;5. Zemgales LSP;Sv. Jura ordenis;4;;274
509;Strēlnieks;Brakajanskis Fricis Kārļa d.;5. Zemgales LSP;Sv. Jura ordenis;4;;274
510;Strēlnieks;Bleijss Pēteris Jēkaba d.;5. Zemgales LSP;Sv. Jura ordenis;4;;274
511;Strēlnieks;Borisovs Fedors Grogora d.;5. Zemgales LSP;Sv. Jura ordenis;4;;274
512;Strēlnieks;Butka Krišus Jēkaba d.;5. Zemgales LSP;Sv. Jura ordenis;4;;274
513;Dižkareivis;Birznieks Krišus Jana d.;5. Zemgales LSP;Sv. Jura ordenis;4;;274
514;Strēlnieks;Bunga Krišjānis Friča d.;5. Zemgales LSP;Sv. Jura ordenis;4;;275
515;Strēlnieks;Blumbergs Fricis Žaņa d.;5. Zemgales LSP;Sv. Jura ordenis;4;;275
516;Dižkareivis;Brašners Prohors Grigora d.;5. Zemgales LSP;Sv. Jura ordenis;4;Medaļa;288
517;Strēlnieks;Bušmanis Jānis Jāņa d.;5. Zemgales LSP;Sv. Jura ordenis;4;Krusts;300
518;Strēlnieks;Briedis Antons Jēkaba d.;5. Zemgales LSP;Sv. Jura ordenis;4;;300
519;Dižkareivis;Baltaisvilks Juris Kriša d.;5. Zemgales LSP;Sv. Jura ordenis;4;Arī 4. pakāpes medaļa;300
520;Strēlnieks;Bimbergs Frīdrihs Frīdriha d.;5. Zemgales LSP;Sv. Jura ordenis;4;;316
521;Strēlnieks;Birznieks Jēkabs Kriša d.;5. Zemgales LSP;Sv. Jura ordenis;4;Medaļa;331
522;Strēlnieks;Bērziņš Ernests Jāņa d.;5. Zemgales LSP;Sv. Jura ordenis;4;;331
523;Strēlnieks;Bušmanis Kārlis Andreja d.;5. Zemgales LSP;Sv. Jura ordenis;4;;331
524;Strēlnieks;Bušs Augusts Kārļa d.;5. Zemgales LSP;Sv. Jura ordenis;4;;331
525;Kaprālis;Brites Pāvils Pētera d.;5. Zemgales LSP;Sv. Jura ordenis;4;;398
526;Strēlnieks;Belberts Kārlis Kristapa d.;5. Zemgales LSP;Sv. Jura ordenis;4;;398
527;Sanitārs;Bērziņš Kārlis Pētera d.;5. Zemgales LSP;Sv. Jura ordenis;4;;398
528;Strēlnieks;Cērpiņš Ernests Hermaņa d.;5. Zemgales LSP;Sv. Jura ordenis;4;Krusts;217
529;Strēlnieks;Cīrulis Augusts Jēkaba d.;5. Zemgales LSP;Sv. Jura ordenis;4;Medaļa;274
530;Kaprālis;Cibulis Mārtiņš Kriša d.;5. Zemgales LSP;Sv. Jura ordenis;4;;331
531;Seržants;Cālins Eduards Pētera d.;5. Zemgales LSP;Sv. Jura ordenis;4;;331
532;Sanitārs;Celmiņš Jānis Pētera d.;5. Zemgales LSP;Sv. Jura ordenis;4;;331
533;Strēlnieks;Cālis Pēteris Jāņa d.;5. Zemgales LSP;Sv. Jura ordenis;4;;331
534;Strēlnieks;Cīrulis Indriķis Friča d.;5. Zemgales LSP;Sv. Jura ordenis;4;;398
535;Strēlnieks;Circenis Donāts;5. Zemgales LSP;Sv. Jura ordenis;4;;398
536;Strēlnieks;Dumpe Eduards Kārļa d.;5. Zemgales LSP;Sv. Jura ordenis;4;Krusts;217
537;Seržants;Dravnieks Eduards Kārļa d.;5. Zemgales LSP;Sv. Jura ordenis;2;;273
538;Seržants;Dubergs Johans Johana d.;5. Zemgales LSP;Sv. Jura ordenis;3;;273
539;Seržants;Derkevics Ernests Kristapa d.;5. Zemgales LSP;Sv. Jura ordenis;3;;273
540;Strēlnieks;Demiņš Vilhelms Pētera d.;5. Zemgales LSP;Sv. Jura ordenis;4;;273
541;Virsnieka vietn.;Demidovs Mārtiņš Friča d.;5. Zemgales LSP;Sv. Jura ordenis;4;;273
542;Seržants;Dobels Pēteris Jēkaba d.;5. Zemgales LSP;Sv. Jura ordenis;4;;273
543;Dižkareivis;Dzelzkalējs Fricis Jēkaba d.;5. Zemgales LSP;Sv. Jura ordenis;4;Krusts;273
544;Strēlnieks;Dankers Valentīns Kārļa d.;5. Zemgales LSP;Sv. Jura ordenis;4;Medaļa;274
545;Strēlnieks;Damello Jānis Pētera d.;5. Zemgales LSP;Sv. Jura ordenis;4;;274
546;Kaprālis;Dorožkevičs Jānis Makša d.;5. Zemgales LSP;Sv. Jura ordenis;4;;274
547;Strēlnieks;Deičs Mārtiņš Jāņa d.;5. Zemgales LSP;Sv. Jura ordenis;4;;274
548;Kaprālis;Daize Eduards Jāņa d.;5. Zemgales LSP;Sv. Jura ordenis;4;Krusts un medaļa;300
549;Strēlnieks;Daudziešens Jānis Alekša d.;5. Zemgales LSP;Sv. Jura ordenis;4;Medaļa;331
550;Strēlnieks;Dišlers Jēkabs Jāņa d.;5. Zemgales LSP;Sv. Jura ordenis;4;;398
551;Strēlnieks;Dubovs Jānis Minnas d.;5. Zemgales LSP;Sv. Jura ordenis;4;;398
552;Strēlnieks;Ereskins Pāvils Jāņa d.;5. Zemgales LSP;Sv. Jura ordenis;4;Krusts;217
553;Strēlnieks;Ezeriņš Pāvils Teodora d.;5. Zemgales LSP;Sv. Jura ordenis;4;;273
554;Kaprālis;Eltermanis Kristaps Jāņa d.;5. Zemgales LSP;Sv. Jura ordenis;4;;273
555;Strēlnieks;Ezis Aleksandrs Jāņa d.;5. Zemgales LSP;Sv. Jura ordenis;4;Medaļa;274
556;Strēlnieks;Ermansons Kārlis Jāņa d.;5. Zemgales LSP;Sv. Jura ordenis;4;;274
557;Kaprālis;Ezermanis Jānis Kārļa d.;5. Zemgales LSP;Sv. Jura ordenis;4;;274
558;Strēlnieks;Ezermalis Indriķis Jēkaba d.;5. Zemgales LSP;Sv. Jura ordenis;4;;274
559;Strēlnieks;Ende Antons Antona d.;5. Zemgales LSP;Sv. Jura ordenis;4;;274
560;Strēlnieks;Eglītis Jānis Andreja d.;5. Zemgales LSP;Sv. Jura ordenis;4;;331
561;Strēlnieks;Eglītis Kārlis Viļuma d.;5. Zemgales LSP;Sv. Jura ordenis;4;;398
562;Sanitārs;Encs Jānis Pētera d.;5. Zemgales LSP;Sv. Jura ordenis;4;;398
563;Dižkareivis;Frīdenšteins Pēteris Jura d.;5. Zemgales LSP;Sv. Jura ordenis;4;Krusts;217
564;Strēlnieks;Freibergs Pēteris Kristapa d.;5. Zemgales LSP;Sv. Jura ordenis;4;;273
565;Dižkareivis;Feldmanis Mārtiņš Mārtiņa d.;5. Zemgales LSP;Sv. Jura ordenis;4;Medaļa;274
566;Strēlnieks;Frīdenbergs Fricis Ernesta d.;5. Zemgales LSP;Sv. Jura ordenis;4;;274
567;Strēlnieks;Freimanis Voldemārs Roberta d.;5. Zemgales LSP;Sv. Jura ordenis;4;;274
568;Strēlnieks;Fedotovs Nikolajs Jēkaba d.;5. Zemgales LSP;Sv. Jura ordenis;4;;274
569;Strēlnieks;Fleišmanis Indriķis Kārļa d.;5. Zemgales LSP;Sv. Jura ordenis;4;;331
570;Strēlnieks;Freimanis Kristaps Jāņa d.;5. Zemgales LSP;Sv. Jura ordenis;4;Medaļa;331
571;Dižkareivis;Fetlers Andrejs Jāņa d.;5. Zemgales LSP;Sv. Jura ordenis;4;;398
572;Strēlnieks;Freimanis Jānis Kārļa d.;5. Zemgales LSP;Sv. Jura ordenis;4;;398
573;Seržants;Gavriļonoks Grigorijs Antona d.;5. Zemgales LSP;Sv. Jura ordenis;4;Krusts;217
574;Strēlnieks;Gotters Jānis Pētera d.;5. Zemgales LSP;Sv. Jura ordenis;4;;217
575;Dižkareivis;Grīve Uldriķis Uldriķa d.;5. Zemgales LSP;Sv. Jura ordenis;4;;273
576;Strēlnieks;Gross Roberts Friča d.;5. Zemgales LSP;Sv. Jura ordenis;4;;273
577;Kaprālis;Grunte;5. Zemgales LSP;Sv. Jura ordenis;4;;273
578;Strēlnieks;Gortis Viktors Hermaņa d.;5. Zemgales LSP;Sv. Jura ordenis;4;;273
579;Strēlnieks;Galliņš Jānis Jura d.;5. Zemgales LSP;Sv. Jura ordenis;4;;273
580;Strēlnieks;Grosmanis Jānis Jāņa d.;5. Zemgales LSP;Sv. Jura ordenis;4;;273
581;Strēlnieks;Gaiķis Konstantīns;5. Zemgales LSP;Sv. Jura ordenis;4;;273
582;Strēlnieks;Gulbis Renis Anša d.;5. Zemgales LSP;Sv. Jura ordenis;4;Medaļa;274
583;Dižkareivis;Gruzdiņš Kārlis Mārtiņa d.;5. Zemgales LSP;Sv. Jura ordenis;4;;274
584;Dižkareivis;Grivāns Ādolfs Andreja d.;5. Zemgales LSP;Sv. Jura ordenis;4;;274
585;Kaprālis;Grīnmanis Kārlis Andreja d.;5. Zemgales LSP;Sv. Jura ordenis;4;;274
586;Strēlnieks;Grudņikovs Jefims Nikifora d.;5. Zemgales LSP;Sv. Jura ordenis;4;;274
587;Strēlnieks;Gusinskis Andrejs Ādama d.;5. Zemgales LSP;Sv. Jura ordenis;4;;274
588;Strēlnieks;Grūbe Jānis Jēkaba d.;5. Zemgales LSP;Sv. Jura ordenis;4;;274
589;Dižkareivis;Grunskis Krišjānis Zandera d.;5. Zemgales LSP;Sv. Jura ordenis;4;Medaļa divreiz;274
590;Strēlnieks;Grīnbergs Jānis Indriķa d.;5. Zemgales LSP;Sv. Jura ordenis;4;;274
591;Strēlnieks;Graudiņš Andrejs Pētera d.;5. Zemgales LSP;Sv. Jura ordenis;4;;301
592;Strēlnieks;Geisters Roberts Jāņa d.;5. Zemgales LSP;Sv. Jura ordenis;4;;310
593;Kaprālis;Grincevics Roberts Pauļa d.;5. Zemgales LSP;Sv. Jura ordenis;4;;331
594;Strēlnieks;Grīnbergs Jānis Miķeļa d.;5. Zemgales LSP;Sv. Jura ordenis;4;;331
595;Dižkareivis;Grūbe Jānis Jāņa d.;5. Zemgales LSP;Sv. Jura ordenis;4;;332
596;Strēlnieks;Graudiņš Andrejs Pētera d.;5. Zemgales LSP;Sv. Jura ordenis;4;;345
597;Strēlnieks;Galgavs Jēkabs Jāņa d.;5. Zemgales LSP;Sv. Jura ordenis;4;;398
598;Sanitārs;Gusts Kārlis Friča d.;5. Zemgales LSP;Sv. Jura ordenis;4;;398
599;Strēlnieks;Geits Jānis Jāņa d.;5. Zemgales LSP;Sv. Jura ordenis;4;;331
600;Strēlnieks;Gāze Jānis Jāņa d.;5. Zemgales LSP;Sv. Jura ordenis;4;Krusts;273
601;Sanitārs;Homiteins Jānis Jāņa d.;5. Zemgales LSP;Sv. Jura ordenis;4;Medaļa;274
602;Dižkareivis;Hlopcovs Filips Mefeda d.;5. Zemgales LSP;Sv. Jura ordenis;4;;274
603;Strēlnieks;Hartmanis Jānis Friča d.;5. Zemgales LSP;Sv. Jura ordenis;4;;331
604;Strēlnieks;Izraels Voldemārs Jāņa d.;5. Zemgales LSP;Sv. Jura ordenis;4;Krusts;217
605;Dižkareivis;Isajevs Jānis Jēkaba d.;5. Zemgales LSP;Sv. Jura ordenis;4;;217
606;Kaprālis;Ivanovs Gavrils Jāņa d.;5. Zemgales LSP;Sv. Jura ordenis;3;;273
607;Kaprālis;Ilbežs Andrejs Jāņa d.;5. Zemgales LSP;Sv. Jura ordenis;4;;273
608;Dižkareivis;Ivanovs Rūdolfs Andža d.;5. Zemgales LSP;Sv. Jura ordenis;4;Medaļa;274
609;Strēlnieks;Ivanovs Krišjānis Vasila d.;5. Zemgales LSP;Sv. Jura ordenis;4;;274
610;Dižkareivis;Indriksons Kārlis Jāņa d.;5. Zemgales LSP;Sv. Jura ordenis;4;;331
611;Strēlnieks;Indriksons Fricis Krišjāņa d.;5. Zemgales LSP;Sv. Jura ordenis;4;;398
612;Strēlnieks;Indriksons Augusts Jēkaba d.;5. Zemgales LSP;Sv. Jura ordenis;4;;274
613;Strēlnieks;Jurišs Jānis Jāņa d.;5. Zemgales LSP;Sv. Jura ordenis;4;Krusts;217
614;Dižkareivis;Jākobsons Jēkabs Jēkaba d.;5. Zemgales LSP;Sv. Jura ordenis;4;;273
615;Strēlnieks;Jurgensons Kārlis Mārtiņa d.;5. Zemgales LSP;Sv. Jura ordenis;4;;274
616;Strēlnieks;Justs Jānis Jēkaba d.;5. Zemgales LSP;Sv. Jura ordenis;4;;274
617;Strēlnieks;Jansons Jēkabs Indriķa d.;5. Zemgales LSP;Sv. Jura ordenis;4;;274
618;Kaprālis;Jupče Antons Kārļa d.;5. Zemgales LSP;Sv. Jura ordenis;4;;274
619;Strēlnieks;Jākobsons Alfrēds Jāņa d.;5. Zemgales LSP;Sv. Jura ordenis;4;;274
620;Dižkareivis;Jumiks Jānis Andreja d.;5. Zemgales LSP;Sv. Jura ordenis;4;;274
621;Dižkareivis;Jankovskis Fricis Jāņa d.;5. Zemgales LSP;Sv. Jura ordenis;4;;274
622;Dižkareivis;Jākobsons Fricis Jāņa d.;5. Zemgales LSP;Sv. Jura ordenis;3;Krusts;288
623;Strēlnieks;Jansons Kārlis Pētera d.;5. Zemgales LSP;Sv. Jura ordenis;4;Medaļa;331
624;Strēlnieks;Jansons Juris;5. Zemgales LSP;Sv. Jura ordenis;4;;331
625;Strēlnieks;Jansons Pēteris Kārļa d.;5. Zemgales LSP;Sv. Jura ordenis;4;;331
626;Strēlnieks;Jansons Jēkabs Indriķa d.;5. Zemgales LSP;Sv. Jura ordenis;4;;332
627;Seržants;Katovics Kārlis Pētera d.;5. Zemgales LSP;Sv. Jura ordenis;2;Krusts;217
628;Kaprālis;Kaņeps Jēkabs Kārļa d.;5. Zemgales LSP;Sv. Jura ordenis;4;;217
629;Kaprālis;Kļavis Voldemārs Jēkaba d.;5. Zemgales LSP;Sv. Jura ordenis;4;;217
630;Strēlnieks;Kalniņš Jānis Jāņa d.;5. Zemgales LSP;Sv. Jura ordenis;4;;217
631;Kaprālis;Kudreševs Jānis Jāņa d.;5. Zemgales LSP;Sv. Jura ordenis;3. 4.;;273
632;Virsseržants;Kurmiņš Alberts Kristapa d.;5. Zemgales LSP;Sv. Jura ordenis;3;;273
633;Strēlnieks;Kritonaitis Antons Osipa d.;5. Zemgales LSP;Sv. Jura ordenis;4;;273
634;Seržants;Kozlovskis Staņislavs Nikodina d.;5. Zemgales LSP;Sv. Jura ordenis;4;;273
635;Strēlnieks;Kiršgolds Augusts Jāņa d.;5. Zemgales LSP;Sv. Jura ordenis;4;;273
636;Strēlnieks;Kalniņš Jozefs Andreja d.;5. Zemgales LSP;Sv. Jura ordenis;4;;273
637;Strēlnieks;Krūkle Rihards Mārtiņa d.;5. Zemgales LSP;Sv. Jura ordenis;4;;273
638;Strēlnieks;Krūmiņš Jānis Jāņa d.;5. Zemgales LSP;Sv. Jura ordenis;4;;273
639;Kaprālis;Kviesis Kārlis Andreja d.;5. Zemgales LSP;Sv. Jura ordenis;4;;273
640;Seržants ;Kaņeps Kārlis Kārļa d.;5. Zemgales LSP;Sv. Jura ordenis;4;;273
641;Kaprālis;Kudulis Kazimirs Andreja d.;5. Zemgales LSP;Sv. Jura ordenis;4;;273
642;Strēlnieks;Kīķers Voldemārs Jāņa d.;5. Zemgales LSP;Sv. Jura ordenis;4;;273
643;Kaprālis;Krieviņš Jānis Jura d.;5. Zemgales LSP;Sv. Jura ordenis;4;;273
644;Strēlnieks;Kalvītis Jānis Jāņa d.;5. Zemgales LSP;Sv. Jura ordenis;4;;273
645;Strēlnieks;Kipsts Ernests Andreja d.;5. Zemgales LSP;Sv. Jura ordenis;4;2 reizes arī medaļa;273
646;Strēlnieks;Krūzbergs Ģirts Jāņa d.;5. Zemgales LSP;Sv. Jura ordenis;4;;273
647;Strēlnieks;Kalniņš Pēteris Pētera d.;5. Zemgales LSP;Sv. Jura ordenis;4;2 reizes;273
648;Strēlnieks;Krauze Kārlis Jāņa d.;5. Zemgales LSP;Sv. Jura ordenis;4;2 reizes;273
649;Strēlnieks;Kāposts Augusts Kārļa d.;5. Zemgales LSP;Sv. Jura ordenis;4;Medaļa;274
650;Feldšeris/sanitārs;Kārkle Artemijs Nikolaja d.;5. Zemgales LSP;Sv. Jura ordenis;4;;274
651;Strēlnieks;Kapenieks Juris Miķeļa d.;5. Zemgales LSP;Sv. Jura ordenis;4;;274
652;Sanitārs;Kaufmanis Kārlis Jura d.;5. Zemgales LSP;Sv. Jura ordenis;4;;274
653;Kaprālis;Krūmiņš Kārlis Jāņa d.;5. Zemgales LSP;Sv. Jura ordenis;4;;274
654;Dižkareivis;Kemke Voldemārs Kārļa d.;5. Zemgales LSP;Sv. Jura ordenis;4;;274
655;Dižkareivis;Koppe Arturs Kārļa d.;5. Zemgales LSP;Sv. Jura ordenis;4;;274
656;Sanitārs;Kviesis Jānis Kārļa d.;5. Zemgales LSP;Sv. Jura ordenis;4;;274
657;Seržants;Kalve Kārlis Jāņa d.;5. Zemgales LSP;Sv. Jura ordenis;4;;274
658;Strēlnieks;Krastenbergs Fedors Anša d.;5. Zemgales LSP;Sv. Jura ordenis;4;;274
659;Strēlnieks;Keire Pēteris Miķeļa d.;5. Zemgales LSP;Sv. Jura ordenis;4;;274
660;Strēlnieks;Kinds Friis Jāņa d.;5. Zemgales LSP;Sv. Jura ordenis;4;;274
661;Strēlnieks;Komarovskis Mihails Osipa d.;5. Zemgales LSP;Sv. Jura ordenis;4;;274
662;Strēlnieks;Kauķis Aleksis Iļjas d.;5. Zemgales LSP;Sv. Jura ordenis;4;;274
663;Strēlnieks;Krieviņš Alberts Otto d.;5. Zemgales LSP;Sv. Jura ordenis;4;;274
664;Strēlnieks;Kalniņš Kārlis Kārļa d.;5. Zemgales LSP;Sv. Jura ordenis;4;;274
665;Kaprālis;Karabanovs Foma Arhipa d.;5. Zemgales LSP;Sv. Jura ordenis;4;Krusts un medaļa;300
666;Dižkareivis;Kalējs Fricis Indriķa d.;5. Zemgales LSP;Sv. Jura ordenis;4;Medaļa;300
667;Strēlnieks;Kreicbergs Indriķis Jāņa d.;5. Zemgales LSP;Sv. Jura ordenis;4;Medaļa;300
668;Strēlnieks;Kirejs Jānis Pētera d.;5. Zemgales LSP;Sv. Jura ordenis;4;Medaļa;300
669;Sanitārs;Kviesis Jānis Krišjāņa d.;5. Zemgales LSP;Sv. Jura ordenis;4;Medaļa;300
670;Strēlnieks;Kirss Eduards Pētera d.;5. Zemgales LSP;Sv. Jura ordenis;4;;331
671;Strēlnieks;Klaus Jēkabs Jāņa d.;5. Zemgales LSP;Sv. Jura ordenis;4;;331
672;Strēlnieks;Krēsliņš Rūdolfs Pētera d.;5. Zemgales LSP;Sv. Jura ordenis;4;;331
673;Strēlnieks;Kociņš Kārlis Ģederta d.;5. Zemgales LSP;Sv. Jura ordenis;4;;331
674;Strēlnieks;Krūmiņš Voldemārs Pētera d.;5. Zemgales LSP;Sv. Jura ordenis;4;;331
675;Strēlnieks;Kūvits Jānis Jāņa d.;5. Zemgales LSP;Sv. Jura ordenis;4;;331
676;Strēlnieks;Kivilands Aleksandrs Jāņa d.;5. Zemgales LSP;Sv. Jura ordenis;4;;331
677;Feldšeris;Kakle Artēmijs Nikola d.;5. Zemgales LSP;Sv. Jura ordenis;4;Divreiz;331
678;Strēlnieks;Koppe Jānis Ģederta d.;5. Zemgales LSP;Sv. Jura ordenis;4;;398
679;Strēlnieks;Kurpnieks Kārlis Jāņa d.;5. Zemgales LSP;Sv. Jura ordenis;4;;398
680;Strēlnieks;Kurmis Jānis Andreja d.;5. Zemgales LSP;Sv. Jura ordenis;4;;398
681;Strēlnieks;Kalniņš Mārtiņš Jāņa d.;5. Zemgales LSP;Sv. Jura ordenis;4;;398
682;Strēlnieks;Krūmiņš Ernests Pētera d.;5. Zemgales LSP;Sv. Jura ordenis;4;Krusts;398
683;Sanitārs;Klievēns Miķelis Pētera d.;5. Zemgales LSP;Sv. Jura ordenis;4;Medaļa;398
684;Strēlnieks;Kundziņš Fricis Eduarda d.;5. Zemgales LSP;Sv. Jura ordenis;4;Krusts;217
685;Strēlnieks;Līdaks Jānis Jāņa d.;5. Zemgales LSP;Sv. Jura ordenis;4;Krusts;217
686;Virsseržants ;Līdacis Pēteris Pētera d.;5. Zemgales LSP;Sv. Jura ordenis;3;;217
687;Strēlnieks;Leitis Juris Andreja d.;5. Zemgales LSP;Sv. Jura ordenis;4;;217
688;Strēlnieks;Lazdiņš Jānis Brenča d.;5. Zemgales LSP;Sv. Jura ordenis;4;;217
689;Strēlnieks;Lazda Kārlis Jēkaba d.;5. Zemgales LSP;Sv. Jura ordenis;4;;217
690;Strēlnieks;Liepiņš Roberts Jāņa d.;5. Zemgales LSP;Sv. Jura ordenis;4;;217
691;Seržants;Leimanis Jānis Dāvja d.;5. Zemgales LSP;Sv. Jura ordenis;4;;217
692;Strēlnieks;Liepa Vilis Kristapa d.;5. Zemgales LSP;Sv. Jura ordenis;4;;217
693;Seržants;Līcis Rūdolfs Jāņa d.;5. Zemgales LSP;Sv. Jura ordenis;4;;273
694;Kaprālis;Laucis Aleksandrs Gusta d.;5. Zemgales LSP;Sv. Jura ordenis;4;;273
695;Dižkareivis;Liepiņš Fricis Jāņa d.;5. Zemgales LSP;Sv. Jura ordenis;4;;273
696;Kaprālis;Laugerts Osips Ignata d.;5. Zemgales LSP;Sv. Jura ordenis;4;;273
697;Virsseržants;Lembergs Rūdolfs Pētera d.;5. Zemgales LSP;Sv. Jura ordenis;4;Krusts;273
698;Kaprālis;Lundbergs Jānis Kārļa d.;5. Zemgales LSP;Sv. Jura ordenis;4;;273
699;Strēlnieks;Liepiņš Jānis Jāņa d.;5. Zemgales LSP;Sv. Jura ordenis;4;;273
700;Seržants;Lazdiņš Pēteris Jāņa d.;5. Zemgales LSP;Sv. Jura ordenis;4;;273
701;Kaprālis;Lorencs Kārlis Loriana d.;5. Zemgales LSP;Sv. Jura ordenis;4;;273
702;Kaprālis;Lasmanis Jānis Pētera d.;5. Zemgales LSP;Sv. Jura ordenis;4;;273
703;Strēlnieks;Liepiņš Mārtiņš Mārtiņa d.;5. Zemgales LSP;Sv. Jura ordenis;4;;273
704;Strēlnieks;Lindbergs Miķelis Pētera d.;5. Zemgales LSP;Sv. Jura ordenis;4;Medaļa;274
705;Dižkareivis;Lingers Kārlis Jēkaba d.;5. Zemgales LSP;Sv. Jura ordenis;4;;274
706;Dižkareivis;Lagzda Fricis Jāņa d.;5. Zemgales LSP;Sv. Jura ordenis;4;;274
707;Dižkareivis;Ligers Kārlis Jāņa d.;5. Zemgales LSP;Sv. Jura ordenis;4;;274
708;Strēlnieks;Leimanis Alberts Jura d.;5. Zemgales LSP;Sv. Jura ordenis;4;;274
709;Strēlnieks;Laumanis Augusts Kārļa d.;5. Zemgales LSP;Sv. Jura ordenis;4;;274
710;Strēlnieks;Leins Jānis Pētera d.;5. Zemgales LSP;Sv. Jura ordenis;4;Krusts;300
711;Strēlnieks;Liepiņš Kārlis Kārļa d.;5. Zemgales LSP;Sv. Jura ordenis;4;Krusts un medaļa;300
712;Strēlnieks;Lindleins Kārlis Johana d.;5. Zemgales LSP;Sv. Jura ordenis;4;Krusts un medaļa;300
713;Dižkareivis;Lozenbergs Jānis Pētera d.;5. Zemgales LSP;Sv. Jura ordenis;4;Krusts un medaļa;300
714;Strēlnieks;Liepiņš Alfrēds Ādama d.;5. Zemgales LSP;Sv. Jura ordenis;4;;331
715;Strēlnieks;Linde Mārtiņš Jāņa d.;5. Zemgales LSP;Sv. Jura ordenis;4;;331
716;Strēlnieks;Liepiņš Andrejs Andreja d.;5. Zemgales LSP;Sv. Jura ordenis;4;;398
717;Strēlnieks;Mezis Pēteris Krišjāņa d.;5. Zemgales LSP;Sv. Jura ordenis;4;Krusts;217
718;Strēlnieks;Mežītis Kārlis Ģirta d.;5. Zemgales LSP;Sv. Jura ordenis;4;;217
719;Dižkareivis;Makeļskis Gavrils Ignata d.;5. Zemgales LSP;Sv. Jura ordenis;4;;217
720;Seržants;Melle Andrejs Jēkaba d.;5. Zemgales LSP;Sv. Jura ordenis;4;;273
721;Kaprālis;Martinsons Johans Mārtiņa d.;5. Zemgales LSP;Sv. Jura ordenis;4;;273
722;Strēlnieks;Martinsons Ernests Indriķa d.;5. Zemgales LSP;Sv. Jura ordenis;4;;273
723;Strēlnieks;Meijers Pēteris Jāņa d.;5. Zemgales LSP;Sv. Jura ordenis;4;;273
724;Kaprālis;Muļļaus Jānis Reiņa d.;5. Zemgales LSP;Sv. Jura ordenis;4;;273
725;Virsseržants;Metels Rūdolfs Jēkaba d.;5. Zemgales LSP;Sv. Jura ordenis;4;;273
726;Strēlnieks;Mežonis Jānis Jāņa d.;5. Zemgales LSP;Sv. Jura ordenis;4;Medaļa;274
727;Strēlnieks;Maituss Eduards Friča d.;5. Zemgales LSP;Sv. Jura ordenis;4;;274
728;Strēlnieks;Meuss Voldemārs Jāņa d.;5. Zemgales LSP;Sv. Jura ordenis;4;;274
729;Strēlnieks;Mednis Jānis Jāņa d.;5. Zemgales LSP;Sv. Jura ordenis;4;;274
730;Strēlnieks;Mūsmanis Henrihs Jāņa d.;5. Zemgales LSP;Sv. Jura ordenis;4;Medaļa divreiz un krusts;274
731;Strēlnieks;Mizeis Ernests Friča d.;5. Zemgales LSP;Sv. Jura ordenis;4;Krusts un medaļa;300
732;Strēlnieks;Maže Miķelis Franča d.;5. Zemgales LSP;Sv. Jura ordenis;4;Krusts un medaļa;300
733;Strēlnieks;Millers Jānis Jēkaba d.;5. Zemgales LSP;Sv. Jura ordenis;4;Medaļa;331
734;Dižkareivis;Melbarts Jānis Miķeļa d.;5. Zemgales LSP;Sv. Jura ordenis;4;;331
735;Feldšeris;Mohovs Fedors Stepana d.;5. Zemgales LSP;Sv. Jura ordenis;4;;331
736;Strēlnieks;Maldavs Borherts Ādama d.;5. Zemgales LSP;Sv. Jura ordenis;4;;331
737;Strēlnieks;Maškevičs Vilis Andreja d.;5. Zemgales LSP;Sv. Jura ordenis;4;;398
738;Strēlnieks;Miliņš Aleksandrs Jāņa d.;5. Zemgales LSP;Sv. Jura ordenis;4;;398
739;Strēlnieks;Melenbergs Fricis Līzes d.;5. Zemgales LSP;Sv. Jura ordenis;4;;398
740;Strēlnieks;Martinsons Jānis Pētera d.;5. Zemgales LSP;Sv. Jura ordenis;4;;398
741;Strēlnieks;Norkevičs Vilis Jāņa d.;5. Zemgales LSP;Sv. Jura ordenis;4;Krusts un medaļa;273
742;Strēlnieks;Niedrītis Fricis Friča d.;5. Zemgales LSP;Sv. Jura ordenis;4;Medaļa;274
743;Strēlnieks;Nebijs Ernests Hermaņa d.;5. Zemgales LSP;Sv. Jura ordenis;4;Krusts un medaļa;300
744;Strēlnieks;Neilands Krišjānis Friča d.;5. Zemgales LSP;Sv. Jura ordenis;4;Medaļa;331
745;Strēlnieks;Neilands Krists Mārtiņa d.;5. Zemgales LSP;Sv. Jura ordenis;4;;398
746;Strēlnieks;Ozols Jānis Jēkaba d.;5. Zemgales LSP;Sv. Jura ordenis;4;Medaļa;274
747;Strēlnieks;Ozols Fricis Mārča d.;5. Zemgales LSP;Sv. Jura ordenis;4;Krusts un medaļa;300
748;Strēlnieks;Ozols Fricis Jāņa d.;5. Zemgales LSP;Sv. Jura ordenis;4;Medaļa;331
749;Strēlnieks;Ozoliņš Jānis Jāņa d.;5. Zemgales LSP;Sv. Jura ordenis;4;;331
750;Strēlnieks;Ozoliņš Andrejs Andreja d.;5. Zemgales LSP;Sv. Jura ordenis;4;Krusts;316
751;Strēlnieks;Pruls Pēteris Indriķa d.;5. Zemgales LSP;Sv. Jura ordenis;4;Krusts;217
752;Strēlnieks;Priede Augusts Mārtiņa d.;5. Zemgales LSP;Sv. Jura ordenis;4;;217
753;Strēlnieks;Pastors Osips Ādama d.;5. Zemgales LSP;Sv. Jura ordenis;4;;217
754;Strēlnieks;Pudulis Vladislavs Dāvida d.;5. Zemgales LSP;Sv. Jura ordenis;4;;217
755;Dižkareivis;Pastarus Indriķis Otto d.;5. Zemgales LSP;Sv. Jura ordenis;4;;217
756;Dižkareivis;Pārupietis Jānis;5. Zemgales LSP;Sv. Jura ordenis;3;;273
757;Seržants;Pote Žanis;5. Zemgales LSP;Sv. Jura ordenis;3;;273
758;Dižkareivis;Paegle Mārcis Miķeļa d.;5. Zemgales LSP;Sv. Jura ordenis;4;;273
759;Strēlnieks;Putriņš Jānis Kristapa d.;5. Zemgales LSP;Sv. Jura ordenis;4;Krusts;273
760;Strēlnieks;Pumpurs Jānis Jēkaba d.;5. Zemgales LSP;Sv. Jura ordenis;4;;273
761;Seržants;Priede Augusts Viļa d.;5. Zemgales LSP;Sv. Jura ordenis;4;;273
762;Virsseržants;Priede Pēteris Jēkaba d.;5. Zemgales LSP;Sv. Jura ordenis;4;;273
763;Strēlnieks;Piekuss Kārlis Jāņa d.;5. Zemgales LSP;Sv. Jura ordenis;4;;273
764;Strēlnieks;Pilžuss Ansis Jāņa d.;5. Zemgales LSP;Sv. Jura ordenis;4;;273
765;Strēlnieks;Prāvests Kārlis Mārča d.;5. Zemgales LSP;Sv. Jura ordenis;4;;273
766;Seržants;Parižeckis Miķelis Jāņa d.;5. Zemgales LSP;Sv. Jura ordenis;4;;273
767;Strēlnieks;Pīpiņš Mārtiņš;5. Zemgales LSP;Sv. Jura ordenis;4;;273
768;Kaprālis;Pečkuris Juris Miķeļa d.;5. Zemgales LSP;Sv. Jura ordenis;4;;273
769;Strēlnieks;Priede Indriķis Pētera d.;5. Zemgales LSP;Sv. Jura ordenis;4;;273
770;Strēlnieks;Pērkons Jēkabs Andreja d.;5. Zemgales LSP;Sv. Jura ordenis;4;;273
771;Sanitārs;Pētersons Pēteris Ādama d.;5. Zemgales LSP;Sv. Jura ordenis;4;;273
772;Strēlnieks;Petrovs Bernhards Jēkaba d. ;5. Zemgales LSP;Sv. Jura ordenis;4;;273
773;Strēlnieks;Peins Jānis Friča d.;5. Zemgales LSP;Sv. Jura ordenis;4;Medaļa;274
774;Feldšeris;Paņukovs Vasilijs;5. Zemgales LSP;Sv. Jura ordenis;4;;274
775;Kaprālis ;Paegle Filips Kārļa d.;5. Zemgales LSP;Sv. Jura ordenis;4;;274
776;Strēlnieks;Priedītis Jānis Kriša d.;5. Zemgales LSP;Sv. Jura ordenis;4;;274
777;Strēlnieks;Pučs Izidors Jāņa d.;5. Zemgales LSP;Sv. Jura ordenis;4;;274
778;Feldšeris;Proņinskis Teodors Kazimira d.;5. Zemgales LSP;Sv. Jura ordenis;4;;274
779;Strēlnieks;Pabērzs Jānis Matīsa d.;5. Zemgales LSP;Sv. Jura ordenis;4;;274
780;Dižkareivis;Pjochrijs Maksis Sidorova d.;5. Zemgales LSP;Sv. Jura ordenis;3;Krusts;288
781;Strēlnieks;Pasops Ernests Jāņa d.;5. Zemgales LSP;Sv. Jura ordenis;4;;300
782;Strēlnieks;Puriņš Jānis Jāņa d.;5. Zemgales LSP;Sv. Jura ordenis;4;Krusts un medaļa;300
783;Strēlnieks;Pukudārs Jānis Kristapa d.;5. Zemgales LSP;Sv. Jura ordenis;4;Medaļa;331
784;Strēlnieks;Putniņš Jānis Jēkaba d.;5. Zemgales LSP;Sv. Jura ordenis;4;;331
785;Dižkareivis;Pētersons Jānis Dāvida d.;5. Zemgales LSP;Sv. Jura ordenis;4;;331
786;Strēlnieks;Purss Kārlis Friča d.;5. Zemgales LSP;Sv. Jura ordenis;4;;331
787;Strēlnieks;Rībelis Kārlis Kārļa d.;5. Zemgales LSP;Sv. Jura ordenis;;;89
788;Kaprālis;Rozenbergs Kristaps Pāvila d.;5. Zemgales LSP;Sv. Jura ordenis;4;Krusts;217
789;Dižkareivis;Riekstiņš Kārlis Kārļa d.;5. Zemgales LSP;Sv. Jura ordenis;4;;217
790;Kaprālis;Roste Voldemārs Kārļa d.;5. Zemgales LSP;Sv. Jura ordenis;4;Divreiz un medaļa;273
791;Strēlnieks;Reinzons Jozefs Reiņa d.;5. Zemgales LSP;Sv. Jura ordenis;4;Krusts;273
792;Seržants;Roze Indriķis Hermaņa d.;5. Zemgales LSP;Sv. Jura ordenis;4;;273
793;Kaprālis;Raktans Fricis Ādama d.;5. Zemgales LSP;Sv. Jura ordenis;4;;273
794;Seržants;Rūja Kārlis Jāņa d.;5. Zemgales LSP;Sv. Jura ordenis;4;;273
795;Kaprālis;Rakovskis Ādams Nikolaja d.;5. Zemgales LSP;Sv. Jura ordenis;4;;273
796;Strēlnieks;Romanovskis Jānis Fēliksa d.;5. Zemgales LSP;Sv. Jura ordenis;4;Medaļa;274
797;Strēlnieks;Rubenis Jānis Jāņa d.;5. Zemgales LSP;Sv. Jura ordenis;4;;274
798;Strēlnieks;Reinhards Augusts Andreja d.;5. Zemgales LSP;Sv. Jura ordenis;4;;274
799;Strēlnieks;Raziņš Jānis Sergeja d.;5. Zemgales LSP;Sv. Jura ordenis;4;;274
800;Strēlnieks;Rublis Jānis Jāņa d.;5. Zemgales LSP;Sv. Jura ordenis;4;;274
801;Sanitārs;Reidzāns Jāzeps Staņislava d.;5. Zemgales LSP;Sv. Jura ordenis;4;Divreiz;288
802;Dižkareivis;Rudijs Savelijs Aņikejeva d.;5. Zemgales LSP;Sv. Jura ordenis;3;;288
803;Dižkareivis;Riekstiņš Teodors;5. Zemgales LSP;Sv. Jura ordenis;4;Krusts un medaļa;300
804;Dižkareivis;Rulle Alberts Jāņa d.;5. Zemgales LSP;Sv. Jura ordenis;4;;331
805;Strēlnieks;Ribels Kārlis Kārļa d.;5. Zemgales LSP;Sv. Jura ordenis;4;Divreiz;331
806;Dižkareivis;Rozentāls Andrejs Jāņa d.;5. Zemgales LSP;Sv. Jura ordenis;4;;331
807;Strēlnieks;Rušinskis Andrejs Jāņa d.;5. Zemgales LSP;Sv. Jura ordenis;4;;332
808;Strēlnieks;Rimša Antons Antona d.;5. Zemgales LSP;Sv. Jura ordenis;4;;332
809;Dižkareivis;Raims Pēteris;5. Zemgales LSP;Sv. Jura ordenis;4;;398
810;Strēlnieks;Reins Fricis Jāņa d.;5. Zemgales LSP;Sv. Jura ordenis;4;;398
811;Dižkareivis;Renebušs Jānis Jēkaba d.;5. Zemgales LSP;Sv. Jura ordenis;4;;274
812;Strēlnieks;Samtiņš Krišjānis Viļa d.;5. Zemgales LSP;Sv. Jura ordenis;4;Krusts;217
813;Strēlnieks;Simsons Eduards Ādama d.;5. Zemgales LSP;Sv. Jura ordenis;4;;217
814;Strēlnieks;Suhanovs Pēteris Pāvila d.;5. Zemgales LSP;Sv. Jura ordenis;4;;217
815;Strēlnieks;Sobčaks Pāvils Vikenta d.;5. Zemgales LSP;Sv. Jura ordenis;4;;217
816;Kaprālis;Saronovičs Miķelis Andreja d.;5. Zemgales LSP;Sv. Jura ordenis;4;;273
817;Dižkareivis;Segliņš Teodors Jāņa d.;5. Zemgales LSP;Sv. Jura ordenis;4;;273
818;Strēlnieks;Stūrītis Pāvils Kārļa d.;5. Zemgales LSP;Sv. Jura ordenis;4;;273
819;Kaprālis;Statunovs Pēteris Konstanta d.;5. Zemgales LSP;Sv. Jura ordenis;4;;273
820;Kaprālis;Skranda Toms Jāņa d.;5. Zemgales LSP;Sv. Jura ordenis;4;;273
821;Dižkareivis;Skule Pāvils Goreņa d.;5. Zemgales LSP;Sv. Jura ordenis;3;Medaļa;273
822;Strēlnieks;Seskis Voldemārs Kārļa d.;5. Zemgales LSP;Sv. Jura ordenis;4;;274
823;Seržants;Sniedze Jānis Jāņa d.;5. Zemgales LSP;Sv. Jura ordenis;4;;274
824;Strēlnieks;Saulgozis Jānis Mārtiņa d.;5. Zemgales LSP;Sv. Jura ordenis;4;Medaļa;274
825;Strēlnieks;Snicbergs Augusts Jāņa d.;5. Zemgales LSP;Sv. Jura ordenis;4;;274
826;Kaprālis;Saliņš Eduards Pētera d.;5. Zemgales LSP;Sv. Jura ordenis;4;;274
827;Kaprālis;Sietiņš Fricis Jēkaba d.;5. Zemgales LSP;Sv. Jura ordenis;4;;274
828;Strēlnieks;Salovs Andrejs Jura d.;5. Zemgales LSP;Sv. Jura ordenis;4;;274
829;Strēlnieks;Sietiņš Andrejs-Jēkabs;5. Zemgales LSP;Sv. Jura ordenis;4;;274
830;Strēlnieks;Sižkižs Matīss Matīsa d.;5. Zemgales LSP;Sv. Jura ordenis;4;;274
831;Strēlnieks;Spars Jēkabs Jēkaba d.;5. Zemgales LSP;Sv. Jura ordenis;4;;274
832;Strēlnieks;Strelevičs Hugo Alberta d.;5. Zemgales LSP;Sv. Jura ordenis;4;;274
833;Kaprālis;Smirnovs Aleksandrs Jāņa d.;5. Zemgales LSP;Sv. Jura ordenis;4;;274
834;Seržants;Skoblelevs Daniels Jefima d.;5. Zemgales LSP;Sv. Jura ordenis;4;;274
835;Strēlnieks;Svilpe Alberts Hermaņa d.;5. Zemgales LSP;Sv. Jura ordenis;4;;274
836;Strēlnieks;Spangevics Pēteris Osipa d.;5. Zemgales LSP;Sv. Jura ordenis;4;Krusts un medaļa ;300
837;Strēlnieks;Stumbris Mihails Jāzepa d.;5. Zemgales LSP;Sv. Jura ordenis;4;Krusts un medaļa;300
838;Strēlnieks;Spēlmanis Jēkabs Friča d.;5. Zemgales LSP;Sv. Jura ordenis;4;Medaļa;331
839;Strēlnieks;Strazde Fricis Krišjāņa d.;5. Zemgales LSP;Sv. Jura ordenis;4;;331
840;Strēlnieks;Snikerspode Kristaps Kārļa d.;5. Zemgales LSP;Sv. Jura ordenis;4;;331
841;Strēlnieks;Sproģis Voldemārs Andreja d.;5. Zemgales LSP;Sv. Jura ordenis;4;;331
842;Strēlnieks;Sudars Ernests Antona d.;5. Zemgales LSP;Sv. Jura ordenis;4;;331
843;Strēlnieks;Saknītis Jānis Kārļa d.;5. Zemgales LSP;Sv. Jura ordenis;4;;331
844;Dižkareivis;Sproģis Indriķis Kriša d.;5. Zemgales LSP;Sv. Jura ordenis;4;;331
845;Strēlnieks;Sproģis Pēteris;5. Zemgales LSP;Sv. Jura ordenis;4;;331
846;Strēlnieks;Sproģis Matīss Matīsa d.;5. Zemgales LSP;Sv. Jura ordenis;4;;332
847;Strēlnieks;Spāre Jēkabs Jēkaba d.;5. Zemgales LSP;Sv. Jura ordenis;4;;332
848;Dižkareivis;Siliņš Fricis Anša d.;5. Zemgales LSP;Sv. Jura ordenis;4;;332
849;Dižkareivis;Skeberģis Mihails Mihaila d.;5. Zemgales LSP;Sv. Jura ordenis;3;;398
850;Strēlnieks;Sakels Krišjānis Jāņa d.;5. Zemgales LSP;Sv. Jura ordenis;4;;398
851;Strēlnieks;Strautmanis Jānis Jāņa d.;5. Zemgales LSP;Sv. Jura ordenis;4;;398
852;Strēlnieks;Sprukulis Augusts Antona d.;5. Zemgales LSP;Sv. Jura ordenis;4;;398
853;Strēlnieks;Šilfs Gustavs Matīsa d.;5. Zemgales LSP;Sv. Jura ordenis;4;Krusts;217
854;Dižkareivis;Šilings Nikolajs Jāņa d.;5. Zemgales LSP;Sv. Jura ordenis;3;;279
855;Strēlnieks;Šekevics Fricis Kārļa d.;5. Zemgales LSP;Sv. Jura ordenis;4;;279
856;Kaprālis;Švekle Andrejs Mārtiņa d.;5. Zemgales LSP;Sv. Jura ordenis;4;Krusts;273
857;Strēlnieks;Šparliņš Kārlis Kristapa d.;5. Zemgales LSP;Sv. Jura ordenis;4;;273
858;Kaprālis;Šteins Jānis Mārtiņa d.;5. Zemgales LSP;Sv. Jura ordenis;2;Medaļa;273
859;Strēlnieks;Šnore Zamuels Jēkaba d.;5. Zemgales LSP;Sv. Jura ordenis;4;;274
860;Kaprālis;Šubiņš Arnolds Anša d.;5. Zemgales LSP;Sv. Jura ordenis;4;;274
861;Kaprālis;Šteinmanis Konstantīns Ādama d.;5. Zemgales LSP;Sv. Jura ordenis;4;Divreiz;274
862;Dižkareivis;Šneiders Fricis Kārļa d.;5. Zemgales LSP;Sv. Jura ordenis;4;;274
863;Dižkareivis;Štukāns Vikentijs Alekseja d.;5. Zemgales LSP;Sv. Jura ordenis;4;Krusts un medaļa;300
864;Strēlnieks;Škapars Staņislavs Sidora d.;5. Zemgales LSP;Sv. Jura ordenis;4;;217
865;Virsseržnats;Tomsons Eduards Kristapa d.;5. Zemgales LSP;Sv. Jura ordenis;2;Krusts;273
866;Kaprālis;Tomaševičs Eduards Jāņa d.;5. Zemgales LSP;Sv. Jura ordenis;4;;273
867;Dižkareivis;Tauriņš Eduards Indriķa d.;5. Zemgales LSP;Sv. Jura ordenis;4;Medaļa;274
868;Strēlnieks;Tannenbergs Uldriķis Friča d.;5. Zemgales LSP;Sv. Jura ordenis;4;Krusts un medaļa;300
869;Strēlnieks;Tilukovskis Jēkabs Jāņa d.;5. Zemgales LSP;Sv. Jura ordenis;4;Medaļa;301
870;Strēlnieks;Tērauds Jēkabs Jāņa d.;5. Zemgales LSP;Sv. Jura ordenis;4;;331
871;Dižkarieivs;Tomašūns Arnolds Jāņa d.;5. Zemgales LSP;Sv. Jura ordenis;4;;331
872;Strēlnieks;Tiļukrevskis Jēkabs Jāņa d.;5. Zemgales LSP;Sv. Jura ordenis;4;;345
873;Strēlnieks;Uskurs Juris Andreja d.;5. Zemgales LSP;Sv. Jura ordenis;4;Krusts;273
874;Strēlnieks;Urjans Pēteris Jāņa d.;5. Zemgales LSP;Sv. Jura ordenis;4;Medaļa;274
875;Strēlnieks;Vasiļevskis Fricis Jēkaba d.;5. Zemgales LSP;Sv. Jura ordenis;4;Krusts;217
876;Kaprālis;Veidemillers Ādolfs Kristapa d.;5. Zemgales LSP;Sv. Jura ordenis;4;Krusts;217
877;Strēlnieks;Vlesis Jānis Matīsa d.;5. Zemgales LSP;Sv. Jura ordenis;4;;217
878;Dižkareivis ;Voitkunas Staņislavs Kārļa d.;5. Zemgales LSP;Sv. Jura ordenis;4;;217
879;Kaprālis;Valle Bernhards Jāņa d.;5. Zemgales LSP;Sv. Jura ordenis;3;;273
880;Strēlnieks;Voika Donāts Pētera d.;5. Zemgales LSP;Sv. Jura ordenis;4;Krusts;273
881;Strēlnieks;Vījgriezis Pāvils Jāņa d.;5. Zemgales LSP;Sv. Jura ordenis;4;;273
882;Strēlnieks;Vasils Andrejs Vasila d.;5. Zemgales LSP;Sv. Jura ordenis;4;;273
883;Strēlnieks;Vilinskis Gerhards Roberta d.;5. Zemgales LSP;Sv. Jura ordenis;4;;273
884;Dižkareivis;Volkovs Aleksandrs Miķeļa d.;5. Zemgales LSP;Sv. Jura ordenis;3;Medaļa;274
885;Feldšeris;Voits Augusts Pētera d.;5. Zemgales LSP;Sv. Jura ordenis;3;Arī 2. pakāpes medaļa;274
886;Strēlnieks;Verno Niks Johana d.;5. Zemgales LSP;Sv. Jura ordenis;3;Arī 4. pakāpes medaļa;274
887;Dižkareivis;Vekters Kārlis Jāņa d.;5. Zemgales LSP;Sv. Jura ordenis;4;;274
888;Sanitārs;Vītols Jēkabs Matīsa d.;5. Zemgales LSP;Sv. Jura ordenis;4;;274
889;Strēlnieks;Vagurs Fricis Indriķa d.;5. Zemgales LSP;Sv. Jura ordenis;4;;274
890;Sanitārs;Vulumainis Otto Jāņa d.;5. Zemgales LSP;Sv. Jura ordenis;4;;274
891;Strēlnieks;Vecvanags Kārlis Mārtiņa d.;5. Zemgales LSP;Sv. Jura ordenis;4;;274
892;Strēlnieks;Vītoliņš Jānis Jāņa d.;5. Zemgales LSP;Sv. Jura ordenis;4;;274
893;Dižkareivis;Vācietis Jānis Pētera d.;5. Zemgales LSP;Sv. Jura ordenis;4;;274
894;Kaprālis;Vasiļjevs Pēteris Vasila d.;5. Zemgales LSP;Sv. Jura ordenis;4;;274
895;Kaprālis;Vostrikovs Mihails Gerasima d.;5. Zemgales LSP;Sv. Jura ordenis;4;;274
896;Strēlnieks;Vanags Miķelis Friča d.;5. Zemgales LSP;Sv. Jura ordenis;4;;274
897;Feldšeris;Veide Maksimilians Indriķa d.;5. Zemgales LSP;Sv. Jura ordenis;4;Arī 3. pakāpes medaļa;274
898;Strēlnieks;Vilks Kārlis Friča d.;5. Zemgales LSP;Sv. Jura ordenis;4;;274
899;Kaprālis;Veismanis Žanis Jēkaba d.;5. Zemgales LSP;Sv. Jura ordenis;4;;274
900;Strēlnieks;Variks Pēteris Pētera d.;5. Zemgales LSP;Sv. Jura ordenis;4;;274
901;Dižkareivis;Valberts Alberts Kārļa d.;5. Zemgales LSP;Sv. Jura ordenis;4;;274
902;Strēlnieks;Verevkins Jānis Pētera d.;5. Zemgales LSP;Sv. Jura ordenis;4;;331
903;Dižkareivis;Vassers Jēkabs Antona d.;5. Zemgales LSP;Sv. Jura ordenis;4;;398
904;Dižkareivis;Vethers Eduards Ernesta d.;5. Zemgales LSP;Sv. Jura ordenis;4;;398
905;Strēlnieks;Veckalniņš Fricis Friča d.;5. Zemgales LSP;Sv. Jura ordenis;4;;398
906;Strēlnieks;Vāgners Kārlis Mārtiņa d.;5. Zemgales LSP;Sv. Jura ordenis;4;Krusts;217
907;Strēlnieks;Veida Mārcis Miķeļa d.;5. Zemgales LSP;Sv. Jura ordenis;4;;273
908;Kaprālis;Zeltiņš Žanis Jāņa d.;5. Zemgales LSP;Sv. Jura ordenis;3;Krusts;217
909;Strēlnieks;Zandbergs Fricis Līzes d.;5. Zemgales LSP;Sv. Jura ordenis;4;;217
910;Dižkareivis;Zilaus Jēkabs Friča d.;5. Zemgales LSP;Sv. Jura ordenis;4;;217
911;Dižkareivis;Zaķis Kārlis Kārļa d.;5. Zemgales LSP;Sv. Jura ordenis;4;;217
912;Strēlnieks;Zariņš Miķelis Jēkaba d.;5. Zemgales LSP;Sv. Jura ordenis;3;;273
913;Strēlnieks;Zaķis Jānis Kriša d.;5. Zemgales LSP;Sv. Jura ordenis;4;;273
914;Strēlnieks;Zommers Mārtiņš Ādama d.;5. Zemgales LSP;Sv. Jura ordenis;4;Krusts;273
915;Kaprālis;Zvibulis Kristaps Jura d.;5. Zemgales LSP;Sv. Jura ordenis;4;;273
916;Strēlnieks;Zīmerts Kārlis Mārtiņa d.;5. Zemgales LSP;Sv. Jura ordenis;4;;273
917;Strēlnieks;Zuttis Augusts Jāņa d.;5. Zemgales LSP;Sv. Jura ordenis;4;;273
918;Dižkareivis;Zarnis Jānis Jāņa d.;5. Zemgales LSP;Sv. Jura ordenis;4;;273
919;Kaprālis;Zaļkalns Jānis Pētera d.;5. Zemgales LSP;Sv. Jura ordenis;4;Medaļa;274
920;Kaprālis;Zinbergs Kārlis Friča d.;5. Zemgales LSP;Sv. Jura ordenis;4;;274
921;Strēlnieks;Zīverts Kārlis Reiņa d.;5. Zemgales LSP;Sv. Jura ordenis;4;;274
922;Strēlnieks;Zikmanis Rūdolfs Jēkaba d.;5. Zemgales LSP;Sv. Jura ordenis;4;Krusts un medaļa;300
923;Dižkareivis;Zīmerts Kārlis Mārtiņa d.;5. Zemgales LSP;Sv. Jura ordenis;4;Medaļa – divreiz;331
924;Strēlnieks;Zvaigzne Krišs Kriša d.;5. Zemgales LSP;Sv. Jura ordenis;4;;332
925;Kaprālis;Zizums Pēteris Matīsa d.;5. Zemgales LSP;Sv. Jura ordenis;4;;398
926;Strēlnieks;Ziepiņš Mārtiņš Ferdinanda d.;5. Zemgales LSP;Sv. Jura ordenis;4;;331
927;Kaprālis;Zivilers Jānis Matīsa d.;5. Zemgales LSP;Sv. Jura ordenis;3;Medaļa;274
928;Dižkareivis;Žepovalovs Jānis;5. Zemgales LSP;Sv. Jura ordenis;3;;275
929;Kaprālis;Domkins Jānis Andreja d.;5. Zemgales LSP;Serbijas karaļa ordeņa zelta zvaigzne ar šķēpiem;;;401
930;Dižkareivis;Paspārne Indriķis;5. Zemgales LSP;Serbijas karaļa ordeņa zelta zvaigzne ar šķēpiem;;Sudraba ord. ar škēpiem;401
931;Strēlnieks;Janvests Antons;5. Zemgales LSP;Serbijas karaļa ordeņa zelta zvaigzne ar šķēpiem;;Sudraba ord. ar škēpiem;401
932;Dižkareivis;Zirnis Dāvids;5. Zemgales LSP;Serbijas karaļa ordeņa zelta zvaigzne ar šķēpiem;;Zelta medaļa;401
933;Strēlnieks ;Siliņš Žanis;5. Zemgales LSP;Serbijas karaļa ordeņa zelta zvaigzne ar šķēpiem;;Zelta medaļa;401
934;Strēlnieks ;Pumpurs Jūlijs;5. Zemgales LSP;Serbijas karaļa ordeņa zelta zvaigzne ar šķēpiem;;Zelta medaļa;401
935;Strēlnieks ;Jankovskis Jozefs;5. Zemgales LSP;Serbijas karaļa ordeņa zelta zvaigzne ar šķēpiem;;Sudraba medaļa;401
936;Strēlnieks ;Depša Jānis;5. Zemgales LSP;Serbijas karaļa ordeņa zelta zvaigzne ar šķēpiem;;Sudraba medaļa;401
937;Strēlnieks ;Puriņš Jānis;5. Zemgales LSP;Serbijas karaļa ordeņa zelta zvaigzne ar šķēpiem;;Sudraba medaļa;401
938;Strēlnieks;Albrehts Kārlis;6. Tukuma LSP;Sv. Jura ordenis;4;Krusts;217
939;Strēlnieks;Analts Juris;6. Tukuma LSP;Sv. Jura ordenis;4;;217
940;Strēlnieks;Amers Fricis;6. Tukuma LSP;Sv. Jura ordenis;4;;217
941;Strēlnieks;Āboliņš Pēteris;6. Tukuma LSP;Sv. Jura ordenis;4;;217
942;Kaprālis;Admans Jānis;6. Tukuma LSP;Sv. Jura ordenis;4;;217
943;Dižkareivis;Arenfelds Voldemārs;6. Tukuma LSP;Sv. Jura ordenis;4;;217
944;Strēlnieks;Ansons Johans;6. Tukuma LSP;Sv. Jura ordenis;4;;217
945;Strēlnieks;Ābolnieks Voldemārs Kaspara d.;6. Tukuma LSP;Sv. Jura ordenis;4;;275
946;Strēlnieks;Araijs Teodors Mārtiņa d.;6. Tukuma LSP;Sv. Jura ordenis;4;;275
947;Seržants;Auziņš Jānis Pētera d.;6. Tukuma LSP;Sv. Jura ordenis;4;Medaļa;276
948;Strēlnieks;Alerašs Johans Jāņa d.;6. Tukuma LSP;Sv. Jura ordenis;4;2 reiz;276
949;Dižkareivis;Admans Jānis Andreja d.;6. Tukuma LSP;Sv. Jura ordenis;4;;276
950;Sanitārs;Apsiņš Gotolds Viļuma d.;6. Tukuma LSP;Sv. Jura ordenis;4;;276
951;Sanitārs;Ābrams Eduards Jāņa d.;6. Tukuma LSP;Sv. Jura ordenis;4;;276
952;Strēlnieks;Adlers Jānis Jāņa d.;6. Tukuma LSP;Sv. Jura ordenis;4;Krusts;300
953;Kaprālis;Bērziņš Alberts;6. Tukuma LSP;Sv. Jura ordenis;4;Krusts;217
954;Strēlnieks;Briedis Indriķis;6. Tukuma LSP;Sv. Jura ordenis;4;;217
955;Strēlnieks;Bolzgds Jānis;6. Tukuma LSP;Sv. Jura ordenis;4;;217
956;Strēlnieks;Bērziņš Pēteris;6. Tukuma LSP;Sv. Jura ordenis;4;;217
957;Strēlnieks;Bernāts-Vernats Jānis;6. Tukuma LSP;Sv. Jura ordenis;4;;217
958;Kaprālis;Birznieks Kārlis Kriša d.;6. Tukuma LSP;Sv. Jura ordenis;2;;275
959;Dižkareivis;Blaus Vladimirs Andreja d.;6. Tukuma LSP;Sv. Jura ordenis;3;;275
960;Kaprālis;Bahers Vasilis Vasiļa d.;6. Tukuma LSP;Sv. Jura ordenis;3;;275
961;Dižkareivis;Bembers Jānis Mārtiņa d.;6. Tukuma LSP;Sv. Jura ordenis;3;;275
962;Kaprālis;Bikovs Dionisijs Jāņa d.;6. Tukuma LSP;Sv. Jura ordenis;3;;275
963;Seržants;Bezdelīga Dāvids Kārļa d.;6. Tukuma LSP;Sv. Jura ordenis;4;;275
964;Strēlnieks;Baumanis Jānis Friča d.;6. Tukuma LSP;Sv. Jura ordenis;4;;275
965;Seržants;Blūms Johans Andreja d.;6. Tukuma LSP;Sv. Jura ordenis;4;;275
966;Kaprālis;Bērziņš Jānis Pētera d.;6. Tukuma LSP;Sv. Jura ordenis;4;;275
967;Strēlnieks;Blumbergs Jānis Pētera d.;6. Tukuma LSP;Sv. Jura ordenis;4;Krusts;275
968;Strēlnieks;Bergs Kārlis Zamuela d.;6. Tukuma LSP;Sv. Jura ordenis;4;;275
969;Strēlnieks;Biters Pēteris Pētera d.;6. Tukuma LSP;Sv. Jura ordenis;4;;275
970;Kaprālis;Blīgzna Fricis Emīla d.;6. Tukuma LSP;Sv. Jura ordenis;4;;275
971;Kaprālis;Balodis Juris Ādama d.;6. Tukuma LSP;Sv. Jura ordenis;4;;275
972;Kaprālis;Bielousovs Jānis Maksima d.;6. Tukuma LSP;Sv. Jura ordenis;4;;275
973;Strēlnieks;Bušs Teodors Kārļa d.;6. Tukuma LSP;Sv. Jura ordenis;4;;275
974;Dižkareivis;Bergmanis Jānis Jāņa d.;6. Tukuma LSP;Sv. Jura ordenis;4;;275
975;Sanitārs;Bunkšs Gustavs Jāņa d.;6. Tukuma LSP;Sv. Jura ordenis;3;Medaļa;275
976;Strēlnieks;Bole Roberts Daniela d.;6. Tukuma LSP;Sv. Jura ordenis;4;;275
977;Strēlnieks;Berkmanis Kārlis Jēkaba d.;6. Tukuma LSP;Sv. Jura ordenis;4;;275
978;Seržants;Bezdelīgs Dāvids Kārļa d.;6. Tukuma LSP;Sv. Jura ordenis;4;;275
979;Strēlnieks;Bīnenfelds Jānis Friča d.;6. Tukuma LSP;Sv. Jura ordenis;4;;275
980;Sapieris (?);Belte Arnolds Andreja d.;6. Tukuma LSP;Sv. Jura ordenis;4;;276
981;Strēlnieks;Bīriņš Jānis Friča d.;6. Tukuma LSP;Sv. Jura ordenis;4;;276
982;Dižkareivis;Baugis Pēteris Ustina d.;6. Tukuma LSP;Sv. Jura ordenis;4;;276
983;Sanitārs;Bērziņš Kārlis Annas d.;6. Tukuma LSP;Sv. Jura ordenis;4;;276
984;Strēlnieks;Balodis Kārlis Mārča d.;6. Tukuma LSP;Sv. Jura ordenis;4;;276
985;Kaprālis;Beihels Jānis Mārtiņa d.;6. Tukuma LSP;Sv. Jura ordenis;4;;276
986;Sanitārs;Blūms Alberts Andreja d.;6. Tukuma LSP;Sv. Jura ordenis;4;;276
987;Sanitārs;Brahmanis Ludvigs Jura d.;6. Tukuma LSP;Sv. Jura ordenis;4;;276
988;Sanitārs;Baumanis Andrejs Pētera d.;6. Tukuma LSP;Sv. Jura ordenis;4;;276
989;Strēlnieks;Bessers Fricis Jura d.;6. Tukuma LSP;Sv. Jura ordenis;4;;300
990;Seržants;Bunka Ernests Friča d.;6. Tukuma LSP;Sv. Jura ordenis;4;;275
991;Strēlnieks;Ceske Kārlis Kārļa d.;6. Tukuma LSP;Sv. Jura ordenis;4;Krusts;275
992;Strēlnieks;Cerbulis Jānis Pētera d.;6. Tukuma LSP;Sv. Jura ordenis;4;;275
993;Seržants;Cirkše Jānis Jāņa d.;6. Tukuma LSP;Sv. Jura ordenis;3;Medaļa;275
994;Dižkareivis;Cimbals Alberts Kārļa d.;6. Tukuma LSP;Sv. Jura ordenis;3;;275
995;Strēlnieks;Citners Krišus Kristapa d.;6. Tukuma LSP;Sv. Jura ordenis;4;;276
996;Strēlnieks;Cekuris Eduards Pētera d.;6. Tukuma LSP;Sv. Jura ordenis;4;;276
997;Strēlnieks;Cinītis Kārlis Mārtiņa d.;6. Tukuma LSP;Sv. Jura ordenis;4;;276
998;Strēlnieks;Cilinskis Pēteris;6. Tukuma LSP;Sv. Jura ordenis;4;;399
999;Dižkareivis;Čeksteris Fēliks Osipa d.;6. Tukuma LSP;Sv. Jura ordenis;4;Medaļa;275
1000;Dižkareivis;Čerkuns Osips Konstanta d;6. Tukuma LSP;Sv. Jura ordenis;4;Krusts;275
1001;Strēlnieks;Čuba Kārlis Ernesta d.;6. Tukuma LSP;Sv. Jura ordenis;3;;275
1002;Strēlnieks;Čuba Andrejs Ernesta d.;6. Tukuma LSP;Sv. Jura ordenis;4;;275
1003;Strēlnieks;Dreimanis Jānis;6. Tukuma LSP;Sv. Jura ordenis;4;Krusts;217
1004;Kaprālis;Drēviņš Jānis Kārļa d.;6. Tukuma LSP;Sv. Jura ordenis;4;;275
1005;Strēlnieks;Degūts Roberts Jāņa d.;6. Tukuma LSP;Sv. Jura ordenis;4;;275
1006;Kaprālis;Dolmanis Kārlis Jēkaba d.;6. Tukuma LSP;Sv. Jura ordenis;4;;275
1007;Sanitārs;Dzeguze Voldemārs Jēkaba d.;6. Tukuma LSP;Sv. Jura ordenis;3;Medaļa;275
1008;Feldšeris;Dariāns Pēteris Anša d.;6. Tukuma LSP;Sv. Jura ordenis;4;Divreiz;276
1009;Sanitārs;Dreimanis Jānis Jāņa d.;6. Tukuma LSP;Sv. Jura ordenis;4;;276
1010;Dižkarievis;Drūviņš Ernests Friča d.;6. Tukuma LSP;Sv. Jura ordenis;4;;398
1011;Strēlnieks;Ezeriņš Jānis;6. Tukuma LSP;Sv. Jura ordenis;4;Krusts;217
1012;Kaprālis;Elviks Mārtiņš Jura d.;6. Tukuma LSP;Sv. Jura ordenis;3;;275
1013;Kaprālis;Erdmanis Ludvigs Jāņa d.;6. Tukuma LSP;Sv. Jura ordenis;4;;275
1014;Seržants;Evarts Alfrēds Friča d.;6. Tukuma LSP;Sv. Jura ordenis;4;;275
1015;Strēlnieks;Elviks Andrejs Jura d.;6. Tukuma LSP;Sv. Jura ordenis;4;Medaļa;276
1016;Sanitārs;Erbovs Meikuls Jāņa d.;6. Tukuma LSP;Sv. Jura ordenis;4;;276
1017;Strēlnieks;Ezers Kārlis Jāņa d.;6. Tukuma LSP;Sv. Jura ordenis;4;;300
1018;Kaprālis;Frīdenbergs Andrejs;6. Tukuma LSP;Sv. Jura ordenis;4;Krusts;217
1019;Strēlnieks;Freijs Frīdrihs;6. Tukuma LSP;Sv. Jura ordenis;4;;217
1020;Strēlnieks;Francis Augusts Jāņa d.;6. Tukuma LSP;Sv. Jura ordenis;4;;275
1021;Kaprālis;Feltiņš Miķelis Jēkaba d.;6. Tukuma LSP;Sv. Jura ordenis;3;Medaļa;275
1022;Kaprāis;Felzenbergs Jānis Jurģa d.;6. Tukuma LSP;Sv. Jura ordenis;4;;275
1023;Sanitārs;Freimanis Ansis Kristapa d.;6. Tukuma LSP;Sv. Jura ordenis;4;;276
1024;Sanitārs;Francis Jānis Miķeļa d.;6. Tukuma LSP;Sv. Jura ordenis;4;;300
1025;Strēlnieks;Folbergs Ints Inta d.;6. Tukuma LSP;Sv. Jura ordenis;4;Medaļa;399
1026;Strēlnieks;Felšers Jānis Jāņa d.;6. Tukuma LSP;Sv. Jura ordenis;4;;399
1027;Strēlnieks;Finkenfuds Fricis Jana d.;6. Tukuma LSP;Sv. Jura ordenis;4;Krusts;275
1028;Kaprālis;Grūbe Eduards;6. Tukuma LSP;Sv. Jura ordenis;4;;217
1029;Kaprālis;Gruzīns Andrejs Jāņa d.;6. Tukuma LSP;Sv. Jura ordenis;4;Krusts un Medaļa;217
1030;Strēlnieks;Gerašunas Aleksandrs;6. Tukuma LSP;Sv. Jura ordenis;4;;217
1031;Kaprālis;Gala-Krodzenieks Kirils;6. Tukuma LSP;Sv. Jura ordenis;2;;275
1032;Kaprālis;Genko Julians Jāņa d. ;6. Tukuma LSP;Sv. Jura ordenis;3;;275
1033;Dižkareivis;Gredzens Jozefs Jozefa d.;6. Tukuma LSP;Sv. Jura ordenis;4;;275
1034;Seržants;Garbovskis Jānis Dominika d.;6. Tukuma LSP;Sv. Jura ordenis;4;;275
1035;Seržants;Glužge Jānis Jēkaba d.;6. Tukuma LSP;Sv. Jura ordenis;4;;275
1036;Seržants;Gumbiņš Pēteris Pētera d.;6. Tukuma LSP;Sv. Jura ordenis;4;Krusts un medaļa;275
1037;Seržants;Gilis Ignats Giliša d.;6. Tukuma LSP;Sv. Jura ordenis;4;;275
1038;Seržants;Graudiņš Rūdolfs Pētera d.;6. Tukuma LSP;Sv. Jura ordenis;4;;275
1039;Strēlnieks;Gaspars Osips Jāņa d.;6. Tukuma LSP;Sv. Jura ordenis;4;Medaļa;275
1040;Strēlnieks;Grinfs Eduards Jāņa d.;6. Tukuma LSP;Sv. Jura ordenis;4;;276
1041;Feldšeris;Grenings Ādolfs Jūlija d.;6. Tukuma LSP;Sv. Jura ordenis;4;;276
1042;Dižkareivis;Gavrilka Žanis Jāņa d.;6. Tukuma LSP;Sv. Jura ordenis;4;;276
1043;Seržants;Gredzels Jānis Matīsa d.;6. Tukuma LSP;Sv. Jura ordenis;4;;276
1044;Strēlnieks;Gailītis Jānis Jēkaba d.;6. Tukuma LSP;Sv. Jura ordenis;4;;276
1045;Strēlnieks;Glāznieks Jānis;6. Tukuma LSP;Sv. Jura ordenis;4;Krusts;300
1046;Kaprālis;Gitcels-Hitcels Andrejs;6. Tukuma LSP;Sv. Jura ordenis;3;Medaļa;300
1047;Strēlnieks;Goldmanis Fricis Ernesta d.;6. Tukuma LSP;Sv. Jura ordenis;4;;301
1048;Dižkareivis;Grikke Ernests Jāņa d.;6. Tukuma LSP;Sv. Jura ordenis;4;;398
1049;Strēlnieks;Gvozdevs Mihails Konstantīna d.;6. Tukuma LSP;Sv. Jura ordenis;4;;399
1050;Strēlnieks;Gocmanis Jānis Jāņa d.;6. Tukuma LSP;Sv. Jura ordenis;4;;399
1051;Strēlnieks;Gigulis Arvīds Kristapa d.;6. Tukuma LSP;Sv. Jura ordenis;4;;399
1052;Strēlnieks;Gūtmanis Jānis Gusta d.;6. Tukuma LSP;Sv. Jura ordenis;4;;399
1053;Strēlnieks;Hermanis Jānis Jāņa d.;6. Tukuma LSP;Sv. Jura ordenis;4;;399
1054;Strēlnieks;Hermanis Andrejs Indriķa d.;6. Tukuma LSP;Sv. Jura ordenis;4;;399
1055;Strēlnieks;Jurva Eduards;6. Tukuma LSP;Sv. Jura ordenis;4;Krusts;217
1056;Strēlnieks;Jaunzems Ādams;6. Tukuma LSP;Sv. Jura ordenis;4;;217
1057;Strēlnieks;Jundzītis Pēteris;6. Tukuma LSP;Sv. Jura ordenis;4;;217
1058;Dižkareivis;Jurinsons Gustavs Zamuela d.;6. Tukuma LSP;Sv. Jura ordenis;4;;275
1059;Seržants;Jurgensons Kārlis Pētera d.;6. Tukuma LSP;Sv. Jura ordenis;4;;275
1060;Seržants;Jurovs Martunels Krišjāņa d.;6. Tukuma LSP;Sv. Jura ordenis;4;;275
1061;Strēlnieks;Jerans Jānis Mārtiņa d.;6. Tukuma LSP;Sv. Jura ordenis;4;Medaļa;275
1062;Strēlnieks;Janševskis Kārlis Frīdriha d.;6. Tukuma LSP;Sv. Jura ordenis;4;;275
1063;Kaprālis;Jurgensons Jānis Viļuma d.;6. Tukuma LSP;Sv. Jura ordenis;4;;276
1064;Strēlnieks;Janovics Osips Jāņa d.;6. Tukuma LSP;Sv. Jura ordenis;4;;276
1065;Strēlnieks;Jonass Ernests;6. Tukuma LSP;Sv. Jura ordenis;4;;276
1066;Dižkareivis;Jukka Ādolfs Miķeļa d.;6. Tukuma LSP;Sv. Jura ordenis;4;;276
1067;Strēlnieks;Jepans Jānis Mārtiņa d.;6. Tukuma LSP;Sv. Jura ordenis;4;;276
1068;Strēlnieks;Jacevics Jānis Johana d.;6. Tukuma LSP;Sv. Jura ordenis;4;Krusts;300
1069;Strēlnieks;Jēgers Pēteris Jāņa d.;6. Tukuma LSP;Sv. Jura ordenis;4;Medaļa;399
1070;Dižkareivis;Kilāns Ansis;6. Tukuma LSP;Sv. Jura ordenis;4;Krusts;217
1071;Dižkareivis;Kļaviņš Fricis;6. Tukuma LSP;Sv. Jura ordenis;4;;217
1072;Strēlnieks;Klesmets Jānis;6. Tukuma LSP;Sv. Jura ordenis;4;;217
1073;Kaprālis;Kermulis Arturs Pētera d.;6. Tukuma LSP;Sv. Jura ordenis;3;;275
1074;Seržants;Kaškurs Vilhelms Artura d.;6. Tukuma LSP;Sv. Jura ordenis;3;;275
1075;Dižkareivis;Kļaviņš Rūdolfs Jāņa d.;6. Tukuma LSP;Sv. Jura ordenis;3;;275
1076;Kaprālis;Krūmiņš Pēteris Teņa d.;6. Tukuma LSP;Sv. Jura ordenis;4;;275
1077;Seržants;Kroņkalns Miķelis Viļa d.;6. Tukuma LSP;Sv. Jura ordenis;4;;275
1078;Dižkareivis;Kijss Augusts Teņa d.;6. Tukuma LSP;Sv. Jura ordenis;4;;275
1079;Dižkareivis;Kalniņš Teodors Kārļa d.;6. Tukuma LSP;Sv. Jura ordenis;4;;275
1080;Kaprāils;Kalniņš Kārlis Augsuta d.;6. Tukuma LSP;Sv. Jura ordenis;4;;275
1081;Seržants;Kūla Fricis Miķeļa d.;6. Tukuma LSP;Sv. Jura ordenis;4;;275
1082;Seržants;Kāriņš Krišus Krišjāņa d.;6. Tukuma LSP;Sv. Jura ordenis;4;;275
1083;Strēlnieks;Kočmanis Kristaps Jāņa d.;6. Tukuma LSP;Sv. Jura ordenis;4;;275
1084;Kaprālis;Kristsons Žanis Friča d.;6. Tukuma LSP;Sv. Jura ordenis;4;;275
1085;Dižkareivis;Karps Bernhards Pētera d.;6. Tukuma LSP;Sv. Jura ordenis;3;Medaļa;275
1086;Sanitārs;Kambergs Augusts Kriša d.;6. Tukuma LSP;Sv. Jura ordenis;3;;275
1087;Strēlnieks;Krastiņš Ernests Jāņa d.;6. Tukuma LSP;Sv. Jura ordenis;4;Medaļa;275
1088;Strēlnieks;Klīvis Jānis Andreja d.;6. Tukuma LSP;Sv. Jura ordenis;4;;275
1089;Strēlnieks;Kugulis Jēkabs Andreja d.;6. Tukuma LSP;Sv. Jura ordenis;4;;276
1090;Strēlnieks;Krols Donāts Donāta d.;6. Tukuma LSP;Sv. Jura ordenis;4;;276
1091;Kaprālis;Kakliņš Kārlis Anša d.;6. Tukuma LSP;Sv. Jura ordenis;4;;276
1092;Strēlnieks;Knape Jānis Jāņa d.;6. Tukuma LSP;Sv. Jura ordenis;4;;276
1093;Strēlnieks;Kartufels Roberts Katrīnas d.;6. Tukuma LSP;Sv. Jura ordenis;4;;276
1094;Dižkareivis;Krastiņš Žanis Mārtiņa d.;6. Tukuma LSP;Sv. Jura ordenis;4;;276
1095;Strēlnieks;Krints Jānis Miķeļa d.;6. Tukuma LSP;Sv. Jura ordenis;4;;276
1096;Strēlnieks;Kalniņš Kārlis;6. Tukuma LSP;Sv. Jura ordenis;4;;276
1097;Dižkareivis;Ķerus Pēteris Jāņa d.;6. Tukuma LSP;Sv. Jura ordenis;4;;276
1098;Strēlnieks;Kalniņš Filips Aleksandra d.;6. Tukuma LSP;Sv. Jura ordenis;4;;276
1099;Sanitārs;Kārkliņš Pēteris Jēkaba d.;6. Tukuma LSP;Sv. Jura ordenis;4;;276
1100;Strēlnieks;Kuimets Ernests Miķeļa d.;6. Tukuma LSP;Sv. Jura ordenis;4;;300
1101;Strēlnieks;Ķilkuts Rūdolfs Viljama d.;6. Tukuma LSP;Sv. Jura ordenis;3;;300
1102;Strēlnieks;Knaps Jēkabs Vilhelma d.;6. Tukuma LSP;Sv. Jura ordenis;4;;301
1103;Strēlnieks;Krūmbergs Fricis Krista d.;6. Tukuma LSP;Sv. Jura ordenis;4;;301
1104;Seržants;Kerubins Jānis Jāzepa d.;6. Tukuma LSP;Sv. Jura ordenis;4;;301
1105;Strēlnieks;Kalniņš Roberts Mārtiņa d.;6. Tukuma LSP;Sv. Jura ordenis;4;;399
1106;Strēlnieks;Kariņš Pēteris Jāņa d.;6. Tukuma LSP;Sv. Jura ordenis;4;;399
1107;Strēlnieks;Krūmkalns Ernests Andreja d.;6. Tukuma LSP;Sv. Jura ordenis;4;;399
1108;Strēlnieks;Kovals Kārlis Jāņa d.;6. Tukuma LSP;Sv. Jura ordenis;4;;399
1109;Strēlnieks;Klopins Žanis;6. Tukuma LSP;Sv. Jura ordenis;4;;399
1110;Strēlnieks;Lapiņš Jānis;6. Tukuma LSP;Sv. Jura ordenis;4;Krusts;217
1111;Strēlnieks;Liepiņš Kārlis;6. Tukuma LSP;Sv. Jura ordenis;4;;217
1112;Dižkareivis;Lauks Ernests;6. Tukuma LSP;Sv. Jura ordenis;4;;217
1113;Kaprālis;Lipņiks Vasilijs Pētera d.;6. Tukuma LSP;Sv. Jura ordenis;3;;275
1114;Kaprālis;Lincāns Fricis Eduarda d.;6. Tukuma LSP;Sv. Jura ordenis;3;;275
1115;Seržants;Liepīnš Jānis Mārtiņa d.;6. Tukuma LSP;Sv. Jura ordenis;3;;275
1116;Seržants;Loskutovs Jānis Andreja d.;6. Tukuma LSP;Sv. Jura ordenis;4;;275
1117;Strēlnieks;Ļina Osvalds Gusta d.;6. Tukuma LSP;Sv. Jura ordenis;4;;275
1118;Strēlnieks;Laicēns Alfrēds Eduarda d.;6. Tukuma LSP;Sv. Jura ordenis;4;;275
1119;Strēlnieks;Liepiņš Eižens Pētera d.;6. Tukuma LSP;Sv. Jura ordenis;4;Krusts;275
1120;Strēlnieks;Lojans Jānis Ādama d.;6. Tukuma LSP;Sv. Jura ordenis;4;Medaļa;276
1121;Strēlnieks;Ļūļa Žanis Jēkaba d.;6. Tukuma LSP;Sv. Jura ordenis;4;;276
1122;Strēlnieks;Ledongs Voldemārs Kārļa d.;6. Tukuma LSP;Sv. Jura ordenis;4;;276
1123;Strēlnieks;Lazdiņš Pēteris Pētera d.;6. Tukuma LSP;Sv. Jura ordenis;4;;276
1124;Dižkareivis;Lācītis Osvalds Pētera d.;6. Tukuma LSP;Sv. Jura ordenis;4;;276
1125;Strēlnieks;Lapiņš Vilis Jura d.;6. Tukuma LSP;Sv. Jura ordenis;4;;276
1126;Kaprālis;Lavčinskis Jānis Gavrila d.;6. Tukuma LSP;Sv. Jura ordenis;4;;276
1127;Strēlnieks;Lauva Alberts;6. Tukuma LSP;Sv. Jura ordenis;4;;276
1128;Strēlnieks;Lukstenieks Jānis Jāņa d.;6. Tukuma LSP;Sv. Jura ordenis;3./4.;;300
1129;Strēlnieks;Leitis Kārlis Jāņa d.;6. Tukuma LSP;Sv. Jura ordenis;4;;301
1130;Strēlnieks;Melngailis Gustavs;6. Tukuma LSP;Sv. Jura ordenis;4;Krusts;217
1131;Strēlnieks;Mežāns Aleksandrs;6. Tukuma LSP;Sv. Jura ordenis;4;;217
1132;Strēlnieks;Melngals Jānis Gusta d.;6. Tukuma LSP;Sv. Jura ordenis;4;;275
1133;Strēlnieks;Metāls Kārlis Jēkaba d.;6. Tukuma LSP;Sv. Jura ordenis;4;;275
1134;Strēlnieks;Matuženoks Nikolajs Aleksandra d.;6. Tukuma LSP;Sv. Jura ordenis;4;;275
1135;Seržants;Mazarnevics Ferdinands Johana d.;6. Tukuma LSP;Sv. Jura ordenis;4;;275
1136;Strēlnieks;Mežaks Alfrēds Ernesta d.;6. Tukuma LSP;Sv. Jura ordenis;4;;275
1137;Kaprālis;Mikaļunas Jānis;6. Tukuma LSP;Sv. Jura ordenis;4;Medaļa;275
1138;Strēlnieks;Martinsons Otto Friča d.;6. Tukuma LSP;Sv. Jura ordenis;4;;276
1139;Strēlnieks;Mjagis Teodors Johana d.;6. Tukuma LSP;Sv. Jura ordenis;4;;276
1140;Seržnats;Meinvalds Jānis Jāņa d.;6. Tukuma LSP;Sv. Jura ordenis;4;;276
1141;Strēlnieks;Miļkevičs Aleksandrs;6. Tukuma LSP;Sv. Jura ordenis;4;;276
1142;Strēlnieks;Mellis Roberts;6. Tukuma LSP;Sv. Jura ordenis;4;;276
1143;Strēlnieks;Medaks Rūdolfs Pētera d;6. Tukuma LSP;Sv. Jura ordenis;4;Krusts;300
1144;Strēlnieks;Mazītis Reinholds Kārļa d.;6. Tukuma LSP;Sv. Jura ordenis;4;Medaļa;399
1145;Strēlnieks;Mucnieks Jānis Friča d.;6. Tukuma LSP;Sv. Jura ordenis;4;;399
1146;Kaprālis;Misiņbārts Aleksandrs Jēkaba d.;6. Tukuma LSP;Sv. Jura ordenis;3;Krusts;275
1147;Strēlnieks;Naruks Teodors;6. Tukuma LSP;Sv. Jura ordenis;4;Krusts;217
1148;Kaprālis;Nurka Hāns Jāņa d.;6. Tukuma LSP;Sv. Jura ordenis;4;Krusts un medaļa;217
1149;Dižkareivis;Narbs Voldemārs Jēkaba d.;6. Tukuma LSP;Sv. Jura ordenis;4;;275
1150;Strēlnieks;Nikāns Antons Antona d.;6. Tukuma LSP;Sv. Jura ordenis;4;Medaļa;276
1151;Strēlnieks;Nabis Vilhelms Paula d.;6. Tukuma LSP;Sv. Jura ordenis;4;Divas medaļas;300
1152;Kaprālis;Ozoliņš Jānis;6. Tukuma LSP;Sv. Jura ordenis;3;Krusts;217
1153;Strēlnieks;Ozoliņš Rūdolfs;6. Tukuma LSP;Sv. Jura ordenis;4;;217
1154;Strēlnieks;Ozoliņš Jēkabs;6. Tukuma LSP;Sv. Jura ordenis;4;;217
1155;Strēlnieks;Ogorodņikovs Aleksandrs;6. Tukuma LSP;Sv. Jura ordenis;4;;217
1156;Seržants;Osītis Jānis Jāņa d.;6. Tukuma LSP;Sv. Jura ordenis;3;;275
1157;Kaprālis;Oklanovs Gildrijs Amora d.;6. Tukuma LSP;Sv. Jura ordenis;4;;275
1158;Strēlnieks;Otters Jānis Jura d.;6. Tukuma LSP;Sv. Jura ordenis;4;;275
1159;Seržants;Ozols Pēteris Jēkaba d.;6. Tukuma LSP;Sv. Jura ordenis;4;;275
1160;Sanitārs;Ozoliņš Voldemārs Kristapa d.;6. Tukuma LSP;Sv. Jura ordenis;4;Divas medaļas;300
1161;Strēlnieks;Priedītis Jānis;6. Tukuma LSP;Sv. Jura ordenis;4;Krusts;217
1162;Strēlnieks;Pirāgis Osips;6. Tukuma LSP;Sv. Jura ordenis;4;;217
1163;Kaprālis;Priede Žanis;6. Tukuma LSP;Sv. Jura ordenis;4;;217
1164;Dižkarievis;Pētersons Augusts;6. Tukuma LSP;Sv. Jura ordenis;4;;217
1165;Seržants;Paeglis Eduards Friča d.;6. Tukuma LSP;Sv. Jura ordenis;3;;275
1166;Dižkareivis;Pastors Francis Jāņa d.;6. Tukuma LSP;Sv. Jura ordenis;3;;275
1167;Dižkareivis;Pīle Jānis Jāņa d.;6. Tukuma LSP;Sv. Jura ordenis;4;;275
1168;Strēlnieks;Pulmanis Ansis Kristapa d.;6. Tukuma LSP;Sv. Jura ordenis;4;;275
1169;Seržants;Pētersons Jānis Hermana d.;6. Tukuma LSP;Sv. Jura ordenis;4;;275
1170;Strēlnieks;Priedavs Jānis Miķeļa d.;6. Tukuma LSP;Sv. Jura ordenis;4;;275
1171;Strēlnieks;Priedītis Otto Augusta d.;6. Tukuma LSP;Sv. Jura ordenis;4;;275
1172;Seržants;Putra Indriķis Miķeļa d.;6. Tukuma LSP;Sv. Jura ordenis;4;;275
1173;Kaprālis;Pirčs Vasilis Mihaila d.;6. Tukuma LSP;Sv. Jura ordenis;4;;275
1174;Dižkareivis;Pinks Matīss Frodeih d.;6. Tukuma LSP;Sv. Jura ordenis;4;;275
1175;Seržants;Paulovs Jānis Paula d.;6. Tukuma LSP;Sv. Jura ordenis;4;;275
1176;Seržants;Putniņš Miķelis Jāņa d.;6. Tukuma LSP;Sv. Jura ordenis;4;Krusts;275
1177;Virsseržants;Paulovskis Kārlis Jegora d.;6. Tukuma LSP;Sv. Jura ordenis;4;Medaļa;275
1178;Strēlnieks;Pogulis Jānis Jēkaba d.;6. Tukuma LSP;Sv. Jura ordenis;4;;275
1179;Strēlnieks;Pugačs Maksims Grigora d.;6. Tukuma LSP;Sv. Jura ordenis;4;;276
1180;Strēlnieks;Pecgolds Emīls Roberta d.;6. Tukuma LSP;Sv. Jura ordenis;4;;276
1181;Strēlnieks;Pabruklis Jēkabs Andreja d.;6. Tukuma LSP;Sv. Jura ordenis;4;;276
1182;Strēlnieks;Preis Andrejs Andreja d.;6. Tukuma LSP;Sv. Jura ordenis;4;;276
1183;Sanitārs;Peneše Juris Mārtiņa d.;6. Tukuma LSP;Sv. Jura ordenis;4;;276
1184;Strēlnieks;Puriņš Jānis Jāņa d.;6. Tukuma LSP;Sv. Jura ordenis;4;Divas medaļas;300
1185;Strēlnieks;Petrovičs Fricis Pētera d.;6. Tukuma LSP;Sv. Jura ordenis;4;Divas medaļas;300
1186;Strēlnieks;Pērkons Ernests Vilhelma d.;6. Tukuma LSP;Sv. Jura ordenis;4;;399
1187;Strēlnieks;Painals Jānis Krista d.;6. Tukuma LSP;Sv. Jura ordenis;4;;399
1188;Strēlnieks;Piņiejevs Vasilijs;6. Tukuma LSP;Sv. Jura ordenis;4;;399
1189;Kaprālis;Rumkovskis Fricis;6. Tukuma LSP;Sv. Jura ordenis;4;Krusts;217
1190;Strēlnieks;Rekks Alfrēds;6. Tukuma LSP;Sv. Jura ordenis;4;;217
1191;Strēlnieks;Ramiņš Pēteris Pētera d.;6. Tukuma LSP;Sv. Jura ordenis;4;;275
1192;Strēlnieks;Rudzutaks Krists Jāņa d.;6. Tukuma LSP;Sv. Jura ordenis;4;;275
1193;Strēlnieks;Ruicāns Ārons Mārtiņa d.;6. Tukuma LSP;Sv. Jura ordenis;4;;275
1194;Vahtmistrs;Ramats Oskars Teņa d.;6. Tukuma LSP;Sv. Jura ordenis;4;Medaļa;275
1195;Strēlnieks;Riekstiņš Andrejs Mārtiņa d.;6. Tukuma LSP;Sv. Jura ordenis;4;;275
1196;Strēlnieks;Renga Eduards Jāņa d.;6. Tukuma LSP;Sv. Jura ordenis;4;;275
1197;Strēlnieks;Rubenis Antons Jēkaba d.;6. Tukuma LSP;Sv. Jura ordenis;4;;276
1198;Strēlnieks;Rutēns Jānis Andreja d.;6. Tukuma LSP;Sv. Jura ordenis;4;;276
1199;Seržants;Rumpe Jānis Andreja d.;6. Tukuma LSP;Sv. Jura ordenis;4;;276
1200;Sanitārs;Romats Jānis Anša d.;6. Tukuma LSP;Sv. Jura ordenis;4;Divas medaļas;276
1201;Dižkareivis;Ronis Vilhelms Pētera d.;6. Tukuma LSP;Sv. Jura ordenis;4;Divas medaļas;300
1202;Strēlnieks;Rancēns Jānis Jāņa d.;6. Tukuma LSP;Sv. Jura ordenis;4;;399
1203;Strēlnieks;Rozenbaums Henrihs Augusta d.;6. Tukuma LSP;Sv. Jura ordenis;4;;399
1204;Strēlnieks;Robiņš Teodors;6. Tukuma LSP;Sv. Jura ordenis;4;;399
1205;Strēlnieks;Strautmanis Jānis;6. Tukuma LSP;Sv. Jura ordenis;4;Krusts;217
1206;Kaprālis;Sijle Ernests;6. Tukuma LSP;Sv. Jura ordenis;4;;217
1207;Kaprālis;Siltlaiks Andrejs;6. Tukuma LSP;Sv. Jura ordenis;4;;217
1208;Strēlnieks;Striele Juris;6. Tukuma LSP;Sv. Jura ordenis;4;;217
1209;Dižkareivis;Skuja Aleksandrs;6. Tukuma LSP;Sv. Jura ordenis;4;;217
1210;Kaprālis;Salazemnieks Otto;6. Tukuma LSP;Sv. Jura ordenis;4;;217
1211;Virsseržants;Selionovs Jēkabs Lariona d.;6. Tukuma LSP;Sv. Jura ordenis;3;Medaļa;275
1212;Seržants;Sakuļskis Jānis Jāņa d.;6. Tukuma LSP;Sv. Jura ordenis;4;;275
1213;Strēlnieks;Straģis Andrejs Jāņa d.;6. Tukuma LSP;Sv. Jura ordenis;4;;275
1214;Kaprālis;Stērķelis Kārlis Jāņa d.;6. Tukuma LSP;Sv. Jura ordenis;4;;275
1215;Strēlnieks;Spriņģis Andrejs Jāņa d.;6. Tukuma LSP;Sv. Jura ordenis;4;;275
1216;Strēlnieks;Strautmanis Kārlis Augusta d.;6. Tukuma LSP;Sv. Jura ordenis;4;;275
1217;Strēlnieks;Staņa Kārlis Jāņa d.;6. Tukuma LSP;Sv. Jura ordenis;4;;275
1218;Strēlnieks;Stārķis Jānis Miķeļa d.;6. Tukuma LSP;Sv. Jura ordenis;4;;275
1219;Strēlnieks;Smeze Jānis Jāņa d.;6. Tukuma LSP;Sv. Jura ordenis;4;Medaļa;275
1220;Strēlnieks;Skudra Fricis Kriša d.;6. Tukuma LSP;Sv. Jura ordenis;4;;275
1221;Strēlnieks;Spiedītis Jānis Jēkaba d.;6. Tukuma LSP;Sv. Jura ordenis;4;;275
1222;Strēlnieks;Silkantorijs Antons Andreja d.;6. Tukuma LSP;Sv. Jura ordenis;4;;276
1223;Strēlnieks;Strazdiņš Otto Andreja d.;6. Tukuma LSP;Sv. Jura ordenis;4;;276
1224;Seržants;Sīpols Arturs Jāņa d.;6. Tukuma LSP;Sv. Jura ordenis;4;;276
1225;Seržants;Skujiņš Jānis Kļavas d.;6. Tukuma LSP;Sv. Jura ordenis;4;;276
1226;Seržants;Smimikalns Jānis;6. Tukuma LSP;Sv. Jura ordenis;4;;276
1227;Strēlnieks;Satiks Jānis Friča d.;6. Tukuma LSP;Sv. Jura ordenis;4;;276
1228;Strēlnieks;Siniņts Kārlis Mārtiņa d.;6. Tukuma LSP;Sv. Jura ordenis;4;;276
1229;Strēlnieks;Skuja Alfrēds Osipa d.;6. Tukuma LSP;Sv. Jura ordenis;4;;276
1230;Strēlnieks;Spars Jānis Jāņa d.;6. Tukuma LSP;Sv. Jura ordenis;4;;276
1231;Sanitārs;Skujiņš Kārlis Jāņa d.;6. Tukuma LSP;Sv. Jura ordenis;4;;276
1232;Strēlnieks;Skrīvelis Leonhards;6. Tukuma LSP;Sv. Jura ordenis;4;;301
1233;Strēlnieks;Staņķis Osips Jura d.;6. Tukuma LSP;Sv. Jura ordenis;4;;399
1234;Strēlnieks;Šiduks Jānis;6. Tukuma LSP;Sv. Jura ordenis;4;Krusts;217
1235;Strēlnieks;Šteins Kārlis;6. Tukuma LSP;Sv. Jura ordenis;4;;217
1236;Kaprālis;Šulmanis Roberts;6. Tukuma LSP;Sv. Jura ordenis;4;;217
1237;Strēlnieks;Šakars Dāvids Dāvida d.;6. Tukuma LSP;Sv. Jura ordenis;4;Krusts;275
1238;Strēlnieks;Štokmanis Ernests Jāņa d.;6. Tukuma LSP;Sv. Jura ordenis;4;Medaļa;276
1239;Strēlnieks;Šteimanis Ernests Jāņa d.;6. Tukuma LSP;Sv. Jura ordenis;4;;276
1240;Feldšeris;Šulmanis Jānis;6. Tukuma LSP;Sv. Jura ordenis;4;;276
1241;Feldšeris;Šlikass Jozefs;6. Tukuma LSP;Sv. Jura ordenis;4;;276
1242;Sanitārs;Štrauss Kaspars Kārļa d.;6. Tukuma LSP;Sv. Jura ordenis;4;;276
1243;Feldšeris;Šmatkovs Romāns Antona d.;6. Tukuma LSP;Sv. Jura ordenis;4;;276
1244;Strēlnieks;Švāge Jānis Friča d.;6. Tukuma LSP;Sv. Jura ordenis;4;Divas medaļas;300
1245;Strēlnieks;Štamers Fricis Mārtiņa d.;6. Tukuma LSP;Sv. Jura ordenis;4;;399
1246;Strēlnieks;Šnore Ernests Mārtiņa d.;6. Tukuma LSP;Sv. Jura ordenis;4;;399
1247;Strēlnieks;Šveiders Ādolfs Reinholda d.;6. Tukuma LSP;Sv. Jura ordenis;4;;399
1248;Strēlnieks;Šakulis Jānis Pētera d.;6. Tukuma LSP;Sv. Jura ordenis;4;;399
1249;Strēlnieks;Štokmanis Ernests Jāņa d.;6. Tukuma LSP;Sv. Jura ordenis;4;;275
1250;Sanitārs;Šopa Jānis Mārtiņa d.;6. Tukuma LSP;Sv. Jura ordenis;4;;276
1251;Kaprālis ;Tigrovs Jānis Mihaila d.;6. Tukuma LSP;Sv. Jura ordenis;2;Krusts;275
1252;Dižkareivis;Tukalovs Kirils Karpa d.;6. Tukuma LSP;Sv. Jura ordenis;3;;275
1253;Strēlnieks;Tukišs Jānis Dementjeva d.;6. Tukuma LSP;Sv. Jura ordenis;4;;275
1254;Strēlnieks;Tatjauks Jēkabs Pētera d.;6. Tukuma LSP;Sv. Jura ordenis;4;;275
1255;Kaprālis;Treimanis Mārtiņš Jāņa d.;6. Tukuma LSP;Sv. Jura ordenis;4;;275
1256;Kaprālis;Tetermanis Nikolajs Jēkaba d.;6. Tukuma LSP;Sv. Jura ordenis;4;;275
1257;Strēlnieks;Tauriņš Eduards Kārļa d.;6. Tukuma LSP;Sv. Jura ordenis;4;;276
1258;Strēlnieks;Tiltiņš Kārlis Jāņa d.;6. Tukuma LSP;Sv. Jura ordenis;4;Divi krusti;300
1259;Strēlnieks;Tommans Pēteris Jēkaba d.;6. Tukuma LSP;Sv. Jura ordenis;4;;301
1260;Strēlnieks;Teijcs Kārlis;6. Tukuma LSP;Sv. Jura ordenis;4;;399
1261;Strēlnieks;Ulmanis Vilis;6. Tukuma LSP;Sv. Jura ordenis;4;Krusts;217
1262;Kaprālis;Upatnieks Rūdolfs Vasila d.;6. Tukuma LSP;Sv. Jura ordenis;4;;275
1263;Strēlnieks;Urbāns Jānis Mārtiņa d.;6. Tukuma LSP;Sv. Jura ordenis;4;Medaļa;276
1264;Strēlnieks;Uza Hāns Vilsona d.;6. Tukuma LSP;Sv. Jura ordenis;4;;301
1265;Strēlnieks;Urbāns Ignats Mārtiņa d.;6. Tukuma LSP;Sv. Jura ordenis;4;;399
1266;Kaprālis;Valgzauers Teodors;6. Tukuma LSP;Sv. Jura ordenis;4;Krusts;217
1267;Strēlnieks;Vārpiņš Jānis;6. Tukuma LSP;Sv. Jura ordenis;4;;217
1268;Kaprālis;Vīnroze Fricis;6. Tukuma LSP;Sv. Jura ordenis;4;;217
1269;Dižkareivis;Vecvagars Kārlis Jukuma d.;6. Tukuma LSP;Sv. Jura ordenis;4;;275
1270;Strēlnieks;Vesatnieks Andrejs Indriķa d.;6. Tukuma LSP;Sv. Jura ordenis;4;;275
1271;Seržants;Vēdzele Fricis Anša d.;6. Tukuma LSP;Sv. Jura ordenis;4;;275
1272;Strēlnieks;Vīksniņš Osips Semjaka d.;6. Tukuma LSP;Sv. Jura ordenis;4;;275
1273;Strēlnieks;Valters Viktors Jāņa d.;6. Tukuma LSP;Sv. Jura ordenis;4;;275
1274;Strēlnieks;Vimba Emīls Jāņa d.;6. Tukuma LSP;Sv. Jura ordenis;4;;275
1275;Strēlnieks;Vilbrants Juris Kristapa d.;6. Tukuma LSP;Sv. Jura ordenis;4;;275
1276;Strēlnieks;Vīgants Augusts Jāņa d.;6. Tukuma LSP;Sv. Jura ordenis;4;;275
1277;Strēlnieks;Vinclavs Teodors Pētera d.;6. Tukuma LSP;Sv. Jura ordenis;4;;276
1278;Strēlnieks;Vītiņš Andrejs Jāņa d.;6. Tukuma LSP;Sv. Jura ordenis;4;;276
1279;Strēlnieks;Vileks Otto Jāņa d.;6. Tukuma LSP;Sv. Jura ordenis;4;;276
1280;Strēlnieks;Vingre Jānis Kārļa d.;6. Tukuma LSP;Sv. Jura ordenis;4;;276
1281;Seržants;Volgemuts Jānis Vilhelma d.;6. Tukuma LSP;Sv. Jura ordenis;4;Medaļa;276
1282;Sanitārs;Vanags Žanis Jura d.;6. Tukuma LSP;Sv. Jura ordenis;4;;276
1283;Strēlnieks;Vītels Andrejs Jāņa d.;6. Tukuma LSP;Sv. Jura ordenis;4;;301
1284;Strēlnieks;Vilciņš Augusts Jēkaba d.;6. Tukuma LSP;Sv. Jura ordenis;4;;399
1285;Strēlnieks;Vakss Rūdolfs Ludviga d.;6. Tukuma LSP;Sv. Jura ordenis;4;;399
1286;Strēlnieks;Vilsons Rūdolfs Jāņa d.;6. Tukuma LSP;Sv. Jura ordenis;4;;399
1287;Strēlnieks;Ziemelis Andrejs;6. Tukuma LSP;Sv. Jura ordenis;4;Krusts;217
1288;Dižkareivis;Zuzulis Pēteris;6. Tukuma LSP;Sv. Jura ordenis;4;;217
1289;Strēlnieks;Zaile Osips;6. Tukuma LSP;Sv. Jura ordenis;4;;217
1290;Strēlnieks;Zujāns Osips;6. Tukuma LSP;Sv. Jura ordenis;4;;217
1291;Dižkareivis;Zusters Kristaps Jāņa d.;6. Tukuma LSP;Sv. Jura ordenis;3;;275
1292;Strēlnieks;Zemjānis Jānis Viļa d.;6. Tukuma LSP;Sv. Jura ordenis;4;;275
1293;Seržants;Zariņš Jēkabs Jēkaba d.;6. Tukuma LSP;Sv. Jura ordenis;4;;275
1294;Strēlnieks;Zālamans Aleksandrs Kārļa d.;6. Tukuma LSP;Sv. Jura ordenis;4;Medaļa;276
1295;Strēlnieks;Zvaigzne Andrejs Jāņa d.;6. Tukuma LSP;Sv. Jura ordenis;4;;276
1296;Strēlnieks;Zvīgulis Pēteris Jāņa d.;6. Tukuma LSP;Sv. Jura ordenis;4;;276
1297;Strēlnieks;Zariņš Arvīds Mārtiņa d.;6. Tukuma LSP;Sv. Jura ordenis;4;;276
1298;Strēlnieks;Zaķis Jānis Jāņa d.;6. Tukuma LSP;Sv. Jura ordenis;4;Divas medaļas;276
1299;Kaprālis;Zatlers Indriķis Friča d.;6. Tukuma LSP;Sv. Jura ordenis;4;;276
1300;Sanitārs;Zahmanis Kārlis Jēkaba d.;6. Tukuma LSP;Sv. Jura ordenis;4;;276
1301;Strēlnieks;Zariņš Jānis Mārča d.;6. Tukuma LSP;Sv. Jura ordenis;4;Divas medaļas;300
1302;Dižkareivis;Zakke Eduards Anša d.;6. Tukuma LSP;Sv. Jura ordenis;3;Divas medaļas;300
1303;Strēlnieks;Zvīrgulis Fricis Friča d.;6. Tukuma LSP;Sv. Jura ordenis;4;Divas medaļas;300
1304;Strēlnieks;Zālītis Ernests Andreja d;6. Tukuma LSP;Sv. Jura ordenis;4;Divas medaļas;301
1305;Strēlnieks;Žukass Jānis;6. Tukuma LSP;Sv. Jura ordenis;4;Krusts;217
1306;Strēlnieks;Žukovskis Ignats;6. Tukuma LSP;Sv. Jura ordenis;4;;217
1307;Strēlnieks;Bērziņš Pēteris Anša d.;6. Tukuma LSP;Serbijas karaļa ordeņa zelta zvaigzne ar šķēpiem;;;401
1308;Strēlnieks;Iesalnieks Ermanis Ģirta d.;6. Tukuma LSP;Serbijas karaļa ordeņa zelta zvaigzne ar šķēpiem;;Sudraba ord. ar šķēpiem;
1309;Kaprālis;Jaunzems Ādams;6. Tukuma LSP;Serbijas karaļa ordeņa zelta zvaigzne ar šķēpiem;;Zelta medaļa;401
1310;Strēlnieks;Šimkuss Miķelis;6. Tukuma LSP;Serbijas karaļa ordeņa zelta zvaigzne ar šķēpiem;;Zelta medaļa;401
1311;Strēlnieks;Ratenbergs Fricis;6. Tukuma LSP;Serbijas karaļa ordeņa zelta zvaigzne ar šķēpiem;;Zelta medaļa;401
1312;Strēlnieks;Veinbergs Indriķis;6. Tukuma LSP;Serbijas karaļa ordeņa zelta zvaigzne ar šķēpiem;;Sudraba medaļa;401
1313;Strēlnieks;Strautiņš Kārlis;6. Tukuma LSP;Serbijas karaļa ordeņa zelta zvaigzne ar šķēpiem;;Sudraba medaļa;401
1314;Strēlnieks;Cukurs Eduards;6. Tukuma LSP;Serbijas karaļa ordeņa zelta zvaigzne ar šķēpiem;;Sudraba medaļa;401
1315;Strēlnieks;Aizalknis Pēteris Pētera d.;7. Bauskas LSP;Sv. Jura ordenis;4;Krusts;218
1316;Strēlnieks;Aldersons Krišs Mārtiņa d.;7. Bauskas LSP;Sv. Jura ordenis;4;;218
1317;Strēlnieks;Aizpurs  Otto Pēteria d.;7. Bauskas LSP;Sv. Jura ordenis;4;;218
1318;Dižkareivis;Ābelītis Johans Gusta d.;7. Bauskas LSP;Sv. Jura ordenis;3;;276
1319;Kaprālis;Aļejunas Dominiks;7. Bauskas LSP;Sv. Jura ordenis;3;;276
1320;Strēlnieks;Avotiņš Kārlis Jāņa d.;7. Bauskas LSP;Sv. Jura ordenis;4;;276
1321;Strēlnieks;Adgers Jānis Andreja d.;7. Bauskas LSP;Sv. Jura ordenis;4;;277
1322;Kaprālis;Apsītis Kārlis Andža d.;7. Bauskas LSP;Sv. Jura ordenis;4;;277
1323;Strēlnieks;Arķis Indriķis;7. Bauskas LSP;Sv. Jura ordenis;4;;277
1324;Strēlnieks;Āboliņš Kārlis Jēkaba d.;7. Bauskas LSP;Sv. Jura ordenis;4;Medaļa;277
1325;Strēlnieks;Andersons Voldemārs Jāņa d.;7. Bauskas LSP;Sv. Jura ordenis;4;;277
1326;Strēlnieks;Apiņš Jānis Jāņa d.;7. Bauskas LSP;Sv. Jura ordenis;4;;277
1327;Strēlnieks;Apsītis Miķelis Pētera d.;7. Bauskas LSP;Sv. Jura ordenis;4;;277
1328;Kaprālis;Alaps Rūdolfs Andreja d.;7. Bauskas LSP;Sv. Jura ordenis;4;;277
1329;Dižkareivis;Adiņš Ernests;7. Bauskas LSP;Sv. Jura ordenis;4;;278
1330;Strēlnieks;Apsītis Kārlis;7. Bauskas LSP;Sv. Jura ordenis;4;;278
1331;Strēlnieks;Aijs Ansis Indriķa d.;7. Bauskas LSP;Sv. Jura ordenis;4;;278
1332;Strēlnieks;Andersons Pēteris;7. Bauskas LSP;Sv. Jura ordenis;4;Krusts;301
1333;Strēlnieks;Auns Ansis Mārtiņa d.;7. Bauskas LSP;Sv. Jura ordenis;4;Medaļa;399
1334;Strēlnieks;Ausmets Vasilijs Andreja d.;7. Bauskas LSP;Sv. Jura ordenis;4;;399
1335;Strēlnieks;Andrejevs Nikolajs Vasila d.;7. Bauskas LSP;Sv. Jura ordenis;4;;399
1336;Strēlnieks;Beitiņš Kārlis Jāņa d.;7. Bauskas LSP;Sv. Jura ordenis;4;Krusts;218
1337;Strēlnieks;Blumbergs Jānis Dāvida d.;7. Bauskas LSP;Sv. Jura ordenis;4;;218
1338;Strēlnieks;Betaks Jānis Anša d.;7. Bauskas LSP;Sv. Jura ordenis;4;;218
1339;Strēlnieks;Bligzne Ansis Ernesta d.;7. Bauskas LSP;Sv. Jura ordenis;4;;218
1340;Strēlnieks;Bīriņš Augusts Mārča d.;7. Bauskas LSP;Sv. Jura ordenis;4;;218
1341;Seržants;Buffe Vilhelms Jāņa d.;7. Bauskas LSP;Sv. Jura ordenis;3;;276
1342;Seržants;Baumanis Eduards Eduarda d.;7. Bauskas LSP;Sv. Jura ordenis;3;Krusts;276
1343;Strēlnieks;Balodis Pēteris Kārļa d.;7. Bauskas LSP;Sv. Jura ordenis;4;;276
1344;Strēlnieks;Bērziņš Mārtiņš Jāņa d.;7. Bauskas LSP;Sv. Jura ordenis;4;;276
1345;Dižkareivis;Bluzdiņš Broņislavs Ignata d.;7. Bauskas LSP;Sv. Jura ordenis;4;;276
1346;Strēlnieks;Brūnavs Frīdrihs Miķeļa d.;7. Bauskas LSP;Sv. Jura ordenis;4;;277
1347;Kaprālis;Buiķis Jānis Andreja d.;7. Bauskas LSP;Sv. Jura ordenis;4;;277
1348;Strēlnieks;Bukšs Kārlis Friča d.;7. Bauskas LSP;Sv. Jura ordenis;4;;277
1349;Dižkareivis;Blumbergs Ernests Mača d.;7. Bauskas LSP;Sv. Jura ordenis;4;;277
1350;Dižkareivis;Buzulis Kārlis Georga d.;7. Bauskas LSP;Sv. Jura ordenis;4;;277
1351;Dižkareivis;Beitiņš Jānis Jāņa d.;7. Bauskas LSP;Sv. Jura ordenis;4;;277
1352;Strēlnieks;Bingers Kārlis Indriķa d.;7. Bauskas LSP;Sv. Jura ordenis;4;;277
1353;Strēlnieks;Blunovs Kārlis Jēkaba d.;7. Bauskas LSP;Sv. Jura ordenis;4;;277
1354;Dižkareivis;Bērziņš Jēkabs Pētera d.;7. Bauskas LSP;Sv. Jura ordenis;4;Medaļa;277
1355;Strēlnieks;Bakmanis Jānis Mārtiņa d.;7. Bauskas LSP;Sv. Jura ordenis;4;;277
1356;Strēlnieks;Bramanis Jānis Jāņa d.;7. Bauskas LSP;Sv. Jura ordenis;4;;277
1357;Strēlnieks;Blukmanis Kristaps Jēkaba d.;7. Bauskas LSP;Sv. Jura ordenis;4;;277
1358;Strēlnieks;Birzkalns Nikolajs Jāņa d.;7. Bauskas LSP;Sv. Jura ordenis;4;;277
1359;Strēlnieks;Bartulevičs Henrihs Friča d.;7. Bauskas LSP;Sv. Jura ordenis;4;;277
1360;Kaprālis;Bindemanis Oskars Jura d.;7. Bauskas LSP;Sv. Jura ordenis;4;;277
1361;Strēlnieks;Bunte Jānis Kārļa d.;7. Bauskas LSP;Sv. Jura ordenis;4;;277
1362;Strēlnieks;Bergs Arnolds;7. Bauskas LSP;Sv. Jura ordenis;4;;277
1363;Strēlnieks;Braunšteins Aleksandrs;7. Bauskas LSP;Sv. Jura ordenis;4;;277
1364;Strēlnieks;Briedis Augusts Voldemāra d.;7. Bauskas LSP;Sv. Jura ordenis;4;;277
1365;Dižkareivis;Beutke Eduards Eduarda d.;7. Bauskas LSP;Sv. Jura ordenis;4;;277
1366;Dižkareivis;Brenčs Francis Jēkaba d.;7. Bauskas LSP;Sv. Jura ordenis;4;;277
1367;Strēlnieks;Cālītis Krišus Toma d.;7. Bauskas LSP;Sv. Jura ordenis;4;Krusts;218
1368;Kaprālis;Cukuriņš Roberts Jāņa d.;7. Bauskas LSP;Sv. Jura ordenis;4;;277
1369;Strēlnieks;Cīrulis Pēteris Kristapa d.;7. Bauskas LSP;Sv. Jura ordenis;4;Medaļa;277
1370;Strēlnieks;Cirus Jānis;7. Bauskas LSP;Sv. Jura ordenis;4;;278
1371;Strēlnieks;Cīrulis Andrejs;7. Bauskas LSP;Sv. Jura ordenis;4;;278
1372;Strēlnieks;Caulītis Jānis Reiņa d.;7. Bauskas LSP;Sv. Jura ordenis;4;;278
1373;Strēlnieks;Celmiņš Kārlis;7. Bauskas LSP;Sv. Jura ordenis;4;;399
1374;Virsseržants;Čunne Vilis Jāņa d.;7. Bauskas LSP;Sv. Jura ordenis;2;Krusts;276
1375;Kaprālis;Čirikovs Aleksandrs Jāņa d.;7. Bauskas LSP;Sv. Jura ordenis;3;;276
1376;Kaprālis;Dziedātājs Rūdolfs Jāņa d.;7. Bauskas LSP;Sv. Jura ordenis;4;Krusts;276
1377;Strēlnieks;Dārziņš Jānis Jāņa d.;7. Bauskas LSP;Sv. Jura ordenis;4;;276
1378;Strēlnieks;Dižājs Andrejs Friča d.;7. Bauskas LSP;Sv. Jura ordenis;4;;276
1379;Kaprālis;Dobītis Jānis;7. Bauskas LSP;Sv. Jura ordenis;4;;277
1380;Strēlnieks;Dambergs Eduards Miķeļa d.;7. Bauskas LSP;Sv. Jura ordenis;4;;277
1381;Kaprālis;Dobenas Rihards Augusta d.;7. Bauskas LSP;Sv. Jura ordenis;4;;277
1382;Strēlnieks;Dobelis Jēkabs Kārļa d.;7. Bauskas LSP;Sv. Jura ordenis;4;Medaļa;277
1383;Strēlnieks;Drīziņš Galejs Jāņa d.;7. Bauskas LSP;Sv. Jura ordenis;4;;277
1384;Strēlnieks;Dzenītis Osvalds Sīmaņa d.;7. Bauskas LSP;Sv. Jura ordenis;4;;277
1385;Strēlnieks;Daniels Aleksandrs Jāņa d.;7. Bauskas LSP;Sv. Jura ordenis;4;;346
1386;Strēlnieks;Dišlers Ansis;7. Bauskas LSP;Sv. Jura ordenis;4;;399
1387;Strēlnieks;Elkens Augusts Vasila d.;7. Bauskas LSP;Sv. Jura ordenis;4;Krusts;218
1388;Kaprālis;Erviks Kārlis Semjona d.;7. Bauskas LSP;Sv. Jura ordenis;4;;277
1389;Kaprālis;Egītis Pēteris Jēkaba d.;7. Bauskas LSP;Sv. Jura ordenis;4;;277
1390;Strēlnieks;Eglītis Voldemārs Kārļa d.;7. Bauskas LSP;Sv. Jura ordenis;3;Medaļa;277
1391;Strēlnieks;Ezermalis Ansis Anša d.;7. Bauskas LSP;Sv. Jura ordenis;4;;277
1392;Dižkareivis;Embers Jēkabs Matīsa d.;7. Bauskas LSP;Sv. Jura ordenis;4;;301
1393;Strēlnieks;Endziņš Roberts Sīmaņa d.;7. Bauskas LSP;Sv. Jura ordenis;4;;399
1394;Strēlnieks;Eglītis Eduards Pētera d.;7. Bauskas LSP;Sv. Jura ordenis;4;;399
1395;Strēlnieks;Freibergs Jānis Mārča d.;7. Bauskas LSP;Sv. Jura ordenis;4;Krusts;218
1396;Strēlnieks;Freibergs Žanis Kristapa d.;7. Bauskas LSP;Sv. Jura ordenis;4;;218
1397;Strēlnieks;Fofanovs Aleksandrs Pētera d.;7. Bauskas LSP;Sv. Jura ordenis;4;;218
1398;Kaprālis;Fogelis Karlis Kristapa d.;7. Bauskas LSP;Sv. Jura ordenis;4;;277
1399;Strēlnieks;Freibergs Jānis Dāvida d.;7. Bauskas LSP;Sv. Jura ordenis;4;;277
1400;Strēlnieks;Freijs Krišs Paula d.;7. Bauskas LSP;Sv. Jura ordenis;4;Medaļa;277
1401;Strēlnieks;Freimanis Juris Jāņa d.;7. Bauskas LSP;Sv. Jura ordenis;4;;277
1402;Strēlnieks;Freivalds Andrejs Kārļa d.;7. Bauskas LSP;Sv. Jura ordenis;4;Medaļa;278
1403;Strēlnieks;Freimanis Pēteris Kristapa d.;7. Bauskas LSP;Sv. Jura ordenis;4;;278
1404;Strēlnieks;Finkelsons Jānis Jēkaba d.;7. Bauskas LSP;Sv. Jura ordenis;4;;278
1405;Strēlnieks;Grants Andrejs Anša d.;7. Bauskas LSP;Sv. Jura ordenis;4;Krusts;218
1406;Strēlnieks;Gulbis Jānis Jēkaba d.;7. Bauskas LSP;Sv. Jura ordenis;4;;218
1407;Strēlnieks;Graudiņš Pēteris Kristapa d.;7. Bauskas LSP;Sv. Jura ordenis;4;;218
1408;Strēlnieks;Gravinskis Nikolajs Anša d.;7. Bauskas LSP;Sv. Jura ordenis;4;;218
1409;Strēlnieks;Gussons Jānis Sīmaņa d.;7. Bauskas LSP;Sv. Jura ordenis;4;;218
1410;Strēlnieks;Goldbergs Alfrēds Ilzes d.;7. Bauskas LSP;Sv. Jura ordenis;4;;276
1411;Strēlnieks;Goba Jānis Miķeļa d.;7. Bauskas LSP;Sv. Jura ordenis;4;;276
1412;Strēlnieks;Grundmanis Miķelis Anša d.;7. Bauskas LSP;Sv. Jura ordenis;4;;277
1413;Dižkareivis;Galvāns Staņislavs Fēliksa d.;7. Bauskas LSP;Sv. Jura ordenis;4;;277
1414;Dižkareivis;Garkalns Pēteris;7. Bauskas LSP;Sv. Jura ordenis;4;;277
1415;Strēlnieks;Gruže Nikolajs;7. Bauskas LSP;Sv. Jura ordenis;4;;277
1416;Strēlnieks;Graudiņš Jānis Kārļa d.;7. Bauskas LSP;Sv. Jura ordenis;4;;277
1417;Strēlnieks;Graudiņš Kārlis Kārļa d.;7. Bauskas LSP;Sv. Jura ordenis;4;;277
1418;Dižkareivis;Grodis Osips Osipa d.;7. Bauskas LSP;Sv. Jura ordenis;4;;277
1419;Virsseržants;Grigulis Jūlijs Aleksandra d.;7. Bauskas LSP;Sv. Jura ordenis;3;Medaļa;277
1420;Strēlnieks;Greblis Valfrīds Otto d.;7. Bauskas LSP;Sv. Jura ordenis;4;;277
1421;Strēlnieks;Gružiņš Jānis Reiņa d.;7. Bauskas LSP;Sv. Jura ordenis;4;;277
1422;Strēlnieks;Grivsons Jānis Viļa d.;7. Bauskas LSP;Sv. Jura ordenis;4;;277
1423;Strēlnieks;Galdiņš Kārlis Andreja d.;7. Bauskas LSP;Sv. Jura ordenis;4;;277
1424;Strēlnieks;Grintāls Vilis;7. Bauskas LSP;Sv. Jura ordenis;4;;277
1425;Strēlnieks;Grantiņš Fricis Jāņa d.;7. Bauskas LSP;Sv. Jura ordenis;4;;277
1426;Strēlnieks;Gauks-Hauks Fricis Kārļa d.;7. Bauskas LSP;Sv. Jura ordenis;4;Krusts un medaļa;301
1427;Strēlnieks;Grandaus Roberts Indriķa d.;7. Bauskas LSP;Sv. Jura ordenis;4;Medaļa;399
1428;Strēlnieks;Hermanis Kārlis;7. Bauskas LSP;Sv. Jura ordenis;4;Krusts;277
1429;Strēlnieks;Hermanis Jānis Jāņa d.;7. Bauskas LSP;Sv. Jura ordenis;4;;277
1430;Strēlnieks;Holvegs Dāvids;7. Bauskas LSP;Sv. Jura ordenis;4;Medaļa;278
1431;Strēlnieks;Indricēns Donāts Osipa d.;7. Bauskas LSP;Sv. Jura ordenis;4;Krusts;218
1432;Strēlnieks;Irbe Kristaps Andreja d.;7. Bauskas LSP;Sv. Jura ordenis;4;;277
1433;Strēlnieks;Īzaks Jānis Jāņa d.;7. Bauskas LSP;Sv. Jura ordenis;4;;277
1434;Strēlnieks;Ikass Zamuels;7. Bauskas LSP;Sv. Jura ordenis;4;;277
1435;Dižkareivis;Inovskis Fricis Kārļa d.;7. Bauskas LSP;Sv. Jura ordenis;4;Medaļa;277
1436;Strēlnieks;Iltiņš Vilis;7. Bauskas LSP;Sv. Jura ordenis;4;;399
1437;Strēlnieks;Jakimčus Pēteris Fēliksa d.;7. Bauskas LSP;Sv. Jura ordenis;4;Krusts;218
1438;Dižkareivis;Jurijčuks Demjans Jāņa d.;7. Bauskas LSP;Sv. Jura ordenis;4;;218
1439;Dižkareivis;Jansons Jānis Andreja d.;7. Bauskas LSP;Sv. Jura ordenis;4;;218
1440;Strēlnieks;Jevlamjevs Andrejs Vasila d.;7. Bauskas LSP;Sv. Jura ordenis;4;;218
1441;Dižkareivis;Jancis Andrejs;7. Bauskas LSP;Sv. Jura ordenis;3;;276
1442;Dižkareivis;Janaitis Jēkabs Jūlija d.;7. Bauskas LSP;Sv. Jura ordenis;3;;276
1443;Dižkareivis;Jankovskis Mārtiņš Kārļa d.;7. Bauskas LSP;Sv. Jura ordenis;3;;276
1444;Strēlnieks;Jākobsons Jānis Jāņa d.;7. Bauskas LSP;Sv. Jura ordenis;4;;276
1445;Strēlnieks;Jansons Kārlis Auugsta d.;7. Bauskas LSP;Sv. Jura ordenis;4;;276
1446;Kaprālis;Jevmuhovs Miķelis Pētera d.;7. Bauskas LSP;Sv. Jura ordenis;4;;276
1447;Strēlnieks;Janševskis Fricis Pētera d.;7. Bauskas LSP;Sv. Jura ordenis;4;;277
1448;Virsseržants;Jātnieks Otto Otto d.;7. Bauskas LSP;Sv. Jura ordenis;1;Medaļa;277
1449;Strēlnieks;Jansons Indriķis Anša d.;7. Bauskas LSP;Sv. Jura ordenis;4;;278
1450;Strēlnieks;Jaksts Andrejs;7. Bauskas LSP;Sv. Jura ordenis;4;;278
1451;Strēlnieks;Jurciņš Arvīds;7. Bauskas LSP;Sv. Jura ordenis;4;;278
1452;Strēlnieks;Jozeps Alfrēds Jāņa d.;7. Bauskas LSP;Sv. Jura ordenis;4;Krusts un medaļa;301
1453;Strēlnieks;Kukainis Ernests Jēkaba d.;7. Bauskas LSP;Sv. Jura ordenis;4;Krusts;218
1454;Kaprālis;Kuplis Jānis Kārļa d.;7. Bauskas LSP;Sv. Jura ordenis;4;;218
1455;Strēlnieks;Katlaps Jānis Osipa d.;7. Bauskas LSP;Sv. Jura ordenis;4;;218
1456;Strēlnieks;Kārkliņš Jānis Mārtiņa d.;7. Bauskas LSP;Sv. Jura ordenis;4;;218
1457;Dižkareivis;Kazmers Jānis Jēkaba d.;7. Bauskas LSP;Sv. Jura ordenis;4;;218
1458;Seržants;Kreilis Georgs Zahara d.;7. Bauskas LSP;Sv. Jura ordenis;2;;276
1459;Dižkareivis;Kalniņš Roberts Jura d.;7. Bauskas LSP;Sv. Jura ordenis;3;;276
1460;Strēlnieks;Kūmiņš Eduards Jēkaba d.;7. Bauskas LSP;Sv. Jura ordenis;4;Krusts;276
1461;Dižkareivis;Kļaviņš Aleksandrs Jāņa d.;7. Bauskas LSP;Sv. Jura ordenis;4;;277
1462;Strēlnieks;Kornets Jānis;7. Bauskas LSP;Sv. Jura ordenis;4;;277
1463;Strēlnieks;Kauliņš Alberts;7. Bauskas LSP;Sv. Jura ordenis;4;;277
1464;Strēlnieks;Kiršs Mārtiņš;7. Bauskas LSP;Sv. Jura ordenis;4;;277
1465;Strēlnieks;Krāze Osvalds;7. Bauskas LSP;Sv. Jura ordenis;4;;277
1466;Strēlnieks;Kalniņš Indriķis Kristapa d.;7. Bauskas LSP;Sv. Jura ordenis;4;;277
1467;Dižkareivis;Kapustiņš Jānis Pētera d.;7. Bauskas LSP;Sv. Jura ordenis;4;;277
1468;Strēlnieks;Kapuns Jānis Pētera d.;7. Bauskas LSP;Sv. Jura ordenis;4;;277
1469;Strēlnieks;Krūskops Kārlis Indriķa d.;7. Bauskas LSP;Sv. Jura ordenis;4;;277
1470;Strēlnieks;Keitāns Ernests;7. Bauskas LSP;Sv. Jura ordenis;3;Medaļa;277
1471;Strēlnieks;Krams Augusts Gotlība d.;7. Bauskas LSP;Sv. Jura ordenis;3;;277
1472;Dižkareivis;Kalniņš Mārtiņš Indriķa d.;7. Bauskas LSP;Sv. Jura ordenis;4;;277
1473;Strēlnieks;Kiriks Pēteris Miķeļa d.;7. Bauskas LSP;Sv. Jura ordenis;4;;277
1474;Strēlnieks;Krafts Rūdolfs Kārļa d.;7. Bauskas LSP;Sv. Jura ordenis;4;;277
1475;Strēlnieks;Kaugers Kārlis Jāņa d.;7. Bauskas LSP;Sv. Jura ordenis;4;;277
1476;Dižkareivis;Kociņš Ernests Jēkaba d.;7. Bauskas LSP;Sv. Jura ordenis;4;;277
1477;Strēlnieks;Kreituzs Mārtiņš Jura d.;7. Bauskas LSP;Sv. Jura ordenis;4;;277
1478;Strēlnieks;Kļaviņš Voldemārs Eduarda d.;7. Bauskas LSP;Sv. Jura ordenis;4;;277
1479;Strēlnieks;Ķīsis Roberts Kārļa d.;7. Bauskas LSP;Sv. Jura ordenis;4;;277
1480;Dižkareivis;Kārkliņš Osvalds;7. Bauskas LSP;Sv. Jura ordenis;4;;278
1481;Dižkareivis;Krastiņš Voldemārs Frīdriha d.;7. Bauskas LSP;Sv. Jura ordenis;4;;278
1482;Strēlnieks;Kimiers Mārtiņš Jāņa d.;7. Bauskas LSP;Sv. Jura ordenis;4;;278
1483;Strēlnieks;Kurmiņš Frīdrihs;7. Bauskas LSP;Sv. Jura ordenis;4;;278
1484;Kaprālis;Kazaks Jānis Jūlija d.;7. Bauskas LSP;Sv. Jura ordenis;4;;278
1485;Strēlnieks;Kalniņš Ludvigs;7. Bauskas LSP;Sv. Jura ordenis;4;Divi krusti;301
1486;Strēlnieks;Kažoks Otto Jura d.;7. Bauskas LSP;Sv. Jura ordenis;4;Medaļa;399
1487;Virsseržants;Klēbergs Ēvalds Jāņa d.;7. Bauskas LSP;Sv. Jura ordenis;4;Krusts;399
1488;Strēlnieks;Līniņš Mārtiņš Indriķa d.;7. Bauskas LSP;Sv. Jura ordenis;4;Krusts;218
1489;Strēlnieks;Lazdāns Antons Mihaila d.;7. Bauskas LSP;Sv. Jura ordenis;4;;218
1490;Strēlnieks;Lindenbergs Kārlis Andreja d.;7. Bauskas LSP;Sv. Jura ordenis;4;;218
1491;Dižkareivis;Liepiņš Jānis Kriša d.;7. Bauskas LSP;Sv. Jura ordenis;4;;218
1492;Strēlnieks;Leitāns Jānis Miķeļa d.;7. Bauskas LSP;Sv. Jura ordenis;4;;218
1493;Kaprālis;Lorencs Mārtiņš Aleksandra d.;7. Bauskas LSP;Sv. Jura ordenis;4;Krusts;218
1494;Dižkareivis;Lekna Ludvigs Krišjāņa d.;7. Bauskas LSP;Sv. Jura ordenis;4;;276
1495;Strēlnieks;Liškovskis Vilis Konstantīna d.;7. Bauskas LSP;Sv. Jura ordenis;4;;276
1496;Strēlnieks;Lapiņš Eduards Andreja d.;7. Bauskas LSP;Sv. Jura ordenis;4;;276
1497;Dižkareivis;Līmentāls Jānis;7. Bauskas LSP;Sv. Jura ordenis;4;;277
1498;Strēlnieks;Liecis Kārlis Mārča d.;7. Bauskas LSP;Sv. Jura ordenis;4;;277
1499;Strēlnieks;Lejasromāns Andrejs Jāņa d.;7. Bauskas LSP;Sv. Jura ordenis;3;Medaļa;277
1500;Strēlnieks;Ljalls Ernests Kārļa d.;7. Bauskas LSP;Sv. Jura ordenis;4;;277
1501;Strēlnieks;Leitis Žanis Jēkaba d.;7. Bauskas LSP;Sv. Jura ordenis;4;;277
1502;Strēlnieks;Liepa Jēkabs Matīsa d.;7. Bauskas LSP;Sv. Jura ordenis;4;;277
1503;Strēlnieks;Lazdiņš Otto Jēkaba d.;7. Bauskas LSP;Sv. Jura ordenis;4;;277
1504;Strēlnieks;Laimītis Pēteris Jāņa d.;7. Bauskas LSP;Sv. Jura ordenis;4;;278
1505;Strēlnieks;Liepiņš Kārlis Teņa d.;7. Bauskas LSP;Sv. Jura ordenis;4;;278
1506;Strēlnieks;Laimonis Vilis Aleksandra d.;7. Bauskas LSP;Sv. Jura ordenis;4;;278
1507;Strēlnieks;Lezdiņš Jānis Jura d.;7. Bauskas LSP;Sv. Jura ordenis;4;;278
1508;Strēlnieks;Leitis Jēkabs Jura d.;7. Bauskas LSP;Sv. Jura ordenis;4;Divas medaļas;301
1509;Strēlnieks;Liepa Hāns Grietas d.;7. Bauskas LSP;Sv. Jura ordenis;4;;399
1510;Strēlnieks;Laure Ernests Kārļa d.;7. Bauskas LSP;Sv. Jura ordenis;4;;399
1511;Strēlnieks;Martinsons Ernests Mangaļa d.;7. Bauskas LSP;Sv. Jura ordenis;4;Krusts;218
1512;Strēlnieks;Miezītis Otto Kārļa d.;7. Bauskas LSP;Sv. Jura ordenis;4;;218
1513;Strēlnieks;Mazors Pēteris Jāņa d.;7. Bauskas LSP;Sv. Jura ordenis;4;;218
1514;Strēlnieks;Mauriņš Jēkabs Viļa d.;7. Bauskas LSP;Sv. Jura ordenis;4;;218
1515;Dižkareivis;Melbārts Jānis Andža d.;7. Bauskas LSP;Sv. Jura ordenis;3;;276
1516;Dižkareivis;Martinsons Jānis Jāņa d.;7. Bauskas LSP;Sv. Jura ordenis;3;;276
1517;Strēlnieks;Miezis Augusts Anša d.;7. Bauskas LSP;Sv. Jura ordenis;4;;276
1518;Strēlnieks;Maziņais Jānis Jāņa d.;7. Bauskas LSP;Sv. Jura ordenis;4;;277
1519;Strēlnieks;Mencs Mārtiņš Andreja d.;7. Bauskas LSP;Sv. Jura ordenis;4;;277
1520;Kaprālis;Missurs Jānis Vikenta d.;7. Bauskas LSP;Sv. Jura ordenis;4;;277
1521;Strēlnieks;Mikšas Miķelis;7. Bauskas LSP;Sv. Jura ordenis;4;;277
1522;Strēlnieks;Muižnieks Rūdolfs;7. Bauskas LSP;Sv. Jura ordenis;4;Medaļa;277
1523;Strēlnieks;Milasts Miķelis Jāņa d.;7. Bauskas LSP;Sv. Jura ordenis;4;;277
1524;Strēlnieks;Mihailovs Nikolajs Grigorija d.;7. Bauskas LSP;Sv. Jura ordenis;4;;277
1525;Strēlnieks;Mitriks Arnolds Mārtiņa d.;7. Bauskas LSP;Sv. Jura ordenis;4;;277
1526;Strēlnieks;Miķelsons Roberts Jāņa d.;7. Bauskas LSP;Sv. Jura ordenis;4;Medaļa;277
1527;Dižkareivis;Melbergs Jēkabs Jura d.;7. Bauskas LSP;Sv. Jura ordenis;4;;278
1528;Strēlnieks;Moors Jūlijs Ādolfa d.;7. Bauskas LSP;Sv. Jura ordenis;4;;278
1529;Strēlnieks;Miķelsons Jānis Gusta d.;7. Bauskas LSP;Sv. Jura ordenis;4;;278
1530;Strēlnieks;Miksis Jānis Pētera d.;7. Bauskas LSP;Sv. Jura ordenis;4;;278
1531;Strēlnieks;Mantels Aleksandrs Jāņa d.;7. Bauskas LSP;Sv. Jura ordenis;4;Divas medaļas;301
1532;Strēlnieks;Majors Jānis Anša d.;7. Bauskas LSP;Sv. Jura ordenis;4;;399
1533;Strēlnieks;Meters Eduards Ādama d.;7. Bauskas LSP;Sv. Jura ordenis;4;;399
1534;Strēlnieks;Margis Apolinars Otto d.;7. Bauskas LSP;Sv. Jura ordenis;4;;399
1535;Strēlnieks;Muižnieks Mihails Pētera d.;7. Bauskas LSP;Sv. Jura ordenis;4;;399
1536;Strēlnieks;Mengots Rūdolfs Jēkaba d.;7. Bauskas LSP;Sv. Jura ordenis;4;;399
1537;Seržants;Naumanis Vilis Jāņa d.;7. Bauskas LSP;Sv. Jura ordenis;2;Krusts;276
1538;Strēlnieks;Navickis Alfrēds Friča d.;7. Bauskas LSP;Sv. Jura ordenis;4;Divas medaļas;301
1539;Feldšeris;Niedrītis Pēteris Andreja d.;7. Bauskas LSP;Sv. Jura ordenis;4;;399
1540;Strēlnieks;Ozoliņš Konstantīns Pētera d.;7. Bauskas LSP;Sv. Jura ordenis;4;Krusts;218
1541;Dižkareivis;Ozols Eduards Daniela d.;7. Bauskas LSP;Sv. Jura ordenis;4;;218
1542;Strēlnieks;Osis Kārlis Mārtiņa d.;7. Bauskas LSP;Sv. Jura ordenis;4;;277
1543;Dižkareivis;Osis Ādams Kārļa d.;7. Bauskas LSP;Sv. Jura ordenis;4;;277
1544;Strēlnieks;Ola Jānis Jura d.;7. Bauskas LSP;Sv. Jura ordenis;4;;277
1545;Strēlnieks;Oliņš Jānis Mārtiņa d.;7. Bauskas LSP;Sv. Jura ordenis;4;;277
1546;Strēlnieks;Osītis Mārtiņš Jāņa d.;7. Bauskas LSP;Sv. Jura ordenis;4;;277
1547;Dižkareivis;Ozols Kārlis Andreja d.;7. Bauskas LSP;Sv. Jura ordenis;4;;278
1548;Strēlnieks;Odiņš Jēkabs Jēkaba d.;7. Bauskas LSP;Sv. Jura ordenis;4;Divas medaļas;301
1549;Strēlnieks;Osis Pēteris Jēkaba d.;7. Bauskas LSP;Sv. Jura ordenis;4;;399
1550;Strēlnieks;Purenieks Andrejs Līzes d.;7. Bauskas LSP;Sv. Jura ordenis;4;Krusts;218
1551;Strēlnieks;Pancs Kārlis Kārļa d.;7. Bauskas LSP;Sv. Jura ordenis;4;;218
1552;Kaprālis;Pļaviņš Kārlis;7. Bauskas LSP;Sv. Jura ordenis;3;;276
1553;Dižkareivis;Puriņš Jānis;7. Bauskas LSP;Sv. Jura ordenis;3;;276
1554;Dižkareivis;Pudzāns Jānis Jāņa d.;7. Bauskas LSP;Sv. Jura ordenis;3;;276
1555;Dižkareivis;Pētersons Pēteris Ernesta d.;7. Bauskas LSP;Sv. Jura ordenis;4;;276
1556;Strēlnieks;Puksts Staņislavs Kazimira d.;7. Bauskas LSP;Sv. Jura ordenis;4;;277
1557;Strēlnieks;Pinke Jānis Anša d.;7. Bauskas LSP;Sv. Jura ordenis;4;;277
1558;Strēlnieks;Polis Jānis Kārļa d.;7. Bauskas LSP;Sv. Jura ordenis;4;;277
1559;Strēlnieks;Pommers Arvīds;7. Bauskas LSP;Sv. Jura ordenis;4;;277
1560;Strēlnieks;Punka Jānis;7. Bauskas LSP;Sv. Jura ordenis;4;;277
1561;Dižkareivis;Puļa Rihards Pētera d.;7. Bauskas LSP;Sv. Jura ordenis;4;;277
1562;Dižkareivis;Pakaupirs Teodors Mārča d.;7. Bauskas LSP;Sv. Jura ordenis;3;Medaļa;277
1563;Strēlnieks;Pļavnieks Jēkabs Indriķa d.;7. Bauskas LSP;Sv. Jura ordenis;4;;277
1564;Strēlnieks;Ploks Alberts Ernesta d.;7. Bauskas LSP;Sv. Jura ordenis;4;;277
1565;Strēlnieks;Pjaziks Aleksandrs Mārtiņa d.;7. Bauskas LSP;Sv. Jura ordenis;4;;277
1566;Strēlnieks;Paldmanis-Galdmanis Johans;7. Bauskas LSP;Sv. Jura ordenis;4;;277
1567;Strēlnieks;Putenis Roberts Jāņa d.;7. Bauskas LSP;Sv. Jura ordenis;4;;277
1568;Kaprālis;Purviņš Ernests Andreja d.;7. Bauskas LSP;Sv. Jura ordenis;4;;278
1569;Strēlnieks;Palieks Jānis Jura d.;7. Bauskas LSP;Sv. Jura ordenis;4;;278
1570;Strēlnieks;Poklirs Arturs Jura d.;7. Bauskas LSP;Sv. Jura ordenis;4;;278
1571;Strēlnieks;Pauliņš Jūlijs;7. Bauskas LSP;Sv. Jura ordenis;4;;278
1572;Strēlnieks;Prauls Alfrēds Alekša d.;7. Bauskas LSP;Sv. Jura ordenis;4;;278
1573;Strēlnieks;Petrovics Fricis Jāņa d.;7. Bauskas LSP;Sv. Jura ordenis;4;;278
1574;Strēlnieks;Punts Jānis;7. Bauskas LSP;Sv. Jura ordenis;4;Krusts;277
1575;Dižkareivis;Ramiņš Jānis Pētera d.;7. Bauskas LSP;Sv. Jura ordenis;4;Krusts;218
1576;Strēlnieks;Rozgals Ādams Toma d.;7. Bauskas LSP;Sv. Jura ordenis;4;;218
1577;Strēlnieks;Ručevskis Jegors Jura d.;7. Bauskas LSP;Sv. Jura ordenis;4;;218
1578;Strēlnieks;Radiks Kārlis Matīsa d.;7. Bauskas LSP;Sv. Jura ordenis;4;;218
1579;Kaprālis;Rimkevičs Augusts Jāņa d.;7. Bauskas LSP;Sv. Jura ordenis;4;;218
1580;Seržants;Rengers Emīls;7. Bauskas LSP;Sv. Jura ordenis;3;;276
1581;Strēlnieks;Reismanis Artūrs Kārļa d.;7. Bauskas LSP;Sv. Jura ordenis;4;;276
1582;Strēlnieks;Rūsa Jēkabs Pētera d.;7. Bauskas LSP;Sv. Jura ordenis;4;;277
1583;Dižkareivis;Reķis Fricis;7. Bauskas LSP;Sv. Jura ordenis;4;Krusts;277
1584;Strēlnieks;Rozenbergs Pēteris Jāņa d.;7. Bauskas LSP;Sv. Jura ordenis;4;Divi krusti;277
1585;Dižkareivis;Rozentāls Jānis Friča d.;7. Bauskas LSP;Sv. Jura ordenis;4;;277
1586;Dižkareivis;Rutkis Fricis Matīsa d.;7. Bauskas LSP;Sv. Jura ordenis;4;;277
1587;Strēlnieks;Rāre Arnolds Viļa d.;7. Bauskas LSP;Sv. Jura ordenis;4;;277
1588;Dižkareivis;Reingolds Kirils Matildes d.;7. Bauskas LSP;Sv. Jura ordenis;4;;277
1589;Dižkareivis;Rass Kristaps Līzes d.;7. Bauskas LSP;Sv. Jura ordenis;4;Medaļa;277
1590;Dižkareivis;Rūsiņš Augusts Indriķa d.;7. Bauskas LSP;Sv. Jura ordenis;4;;278
1591;Strēlnieks;Rillers Teodors Jāņa d.;7. Bauskas LSP;Sv. Jura ordenis;4;;278
1592;Strēlnieks;Ruska Ansis;7. Bauskas LSP;Sv. Jura ordenis;4;Divas medaļas;301
1593;Seržants;Ronis Andrejs;7. Bauskas LSP;Sv. Jura ordenis;4;Krusts;383
1594;Strēlnieks;Rozītis Pēteris Kārļa d.;7. Bauskas LSP;Sv. Jura ordenis;4;Medaļa;399
1595;Strēlnieks;Skuja Jānis Katrīnes d.;7. Bauskas LSP;Sv. Jura ordenis;4;Krusts;218
1596;Strēlnieks;Saulītis Ernests Kristapa d.;7. Bauskas LSP;Sv. Jura ordenis;4;;218
1597;Dižkareivis;Sproģis Kārlis Jāņa d.;7. Bauskas LSP;Sv. Jura ordenis;4;;218
1598;Strēlnieks;Sīlis Andrejs Andreja d.;7. Bauskas LSP;Sv. Jura ordenis;4;;218
1599;Strēlnieks;Sloka Voldemārs Pāvila d.;7. Bauskas LSP;Sv. Jura ordenis;4;;218
1600;Virsseržants;Sautiņš Pēteris;7. Bauskas LSP;Sv. Jura ordenis;2;;276
1601;Strēlnieks;Sīlis Andrejs Andreja d.;7. Bauskas LSP;Sv. Jura ordenis;4;;276
1602;Kaprālis;Sommers-Zommers Johans Otto d.;7. Bauskas LSP;Sv. Jura ordenis;4;;276
1603;Strēlnieks;Sankovskis Staņislavs Antona d.;7. Bauskas LSP;Sv. Jura ordenis;4;;276
1604;Strēlnieks;Sekste Aleksandrs Andreja d.;7. Bauskas LSP;Sv. Jura ordenis;4;;276
1605;Strēlnieks;Sproga Aleksandrs Anša d.;7. Bauskas LSP;Sv. Jura ordenis;4;;277
1606;Strēlnieks;Strike Mārtiņš;7. Bauskas LSP;Sv. Jura ordenis;4;;277
1607;Dižkareivis;Strazds Jānis Anša d.;7. Bauskas LSP;Sv. Jura ordenis;4;;277
1608;Strēlnieks;Staņķis Arvīds Pētera d.;7. Bauskas LSP;Sv. Jura ordenis;4;;277
1609;Dižkareivis;Sauleskalns Fricis Jāņa d.;7. Bauskas LSP;Sv. Jura ordenis;4;Medaļa;277
1610;Strēlnieks;Salmiņš Leons Jāņa d.;7. Bauskas LSP;Sv. Jura ordenis;4;;277
1611;Strēlnieks;Svenne Kārlis Kārļa d.;7. Bauskas LSP;Sv. Jura ordenis;4;;277
1612;Strēlnieks;Stubis Rūdolfs;7. Bauskas LSP;Sv. Jura ordenis;4;;278
1613;Strēlnieks;Strazdiņš Indriķis Pētera d.;7. Bauskas LSP;Sv. Jura ordenis;4;;278
1614;Strēlnieks;Skujenieks Andrejs Krista d.;7. Bauskas LSP;Sv. Jura ordenis;4;;278
1615;Strēlnieks;Stalidzāns Antons Alekša d.;7. Bauskas LSP;Sv. Jura ordenis;4;;278
1616;Strēlnieks;Strazdiņš Žanis Pētera d.;7. Bauskas LSP;Sv. Jura ordenis;4;Divas medaļas;301
1617;Strēlnieks;Skunstiņš Jūlijs Pētera d.;7. Bauskas LSP;Sv. Jura ordenis;4;;399
1618;Strēlnieks;Slotiņš Eduards;7. Bauskas LSP;Sv. Jura ordenis;4;;399
1619;Strēlnieks;Slazdiņš Pēteris Paula d.;7. Bauskas LSP;Sv. Jura ordenis;4;;399
1620;Strēlnieks;Stūris Krišjānis;7. Bauskas LSP;Sv. Jura ordenis;4;;399
1621;Strēlnieks;Silputniņš Pēteris Pētera d.;7. Bauskas LSP;Sv. Jura ordenis;4;;399
1622;Strēlnieks;Štendels Pēteris Anša d.;7. Bauskas LSP;Sv. Jura ordenis;4;Krusts;218
1623;Strēlnieks;Štubis Žanis Ernesta d.;7. Bauskas LSP;Sv. Jura ordenis;4;;218
1624;Strēlnieks;Šmits Eduards-Jēkabs;7. Bauskas LSP;Sv. Jura ordenis;4;;218
1625;Kaprālis;Širmelis Eduards;7. Bauskas LSP;Sv. Jura ordenis;3;;276
1626;Strēlnieks;Švarcs Valeriāns Franča d.;7. Bauskas LSP;Sv. Jura ordenis;4;;277
1627;Strēlnieks;Šķiņķis Kārlis Miķeļa d.;7. Bauskas LSP;Sv. Jura ordenis;4;;277
1628;Strēlnieks;Šķēle Eduards Pētera d.;7. Bauskas LSP;Sv. Jura ordenis;4;;277
1629;Strēlnieks;Štoms Jānis Helēnas d.;7. Bauskas LSP;Sv. Jura ordenis;4;Medaļa;399
1630;Strēlnieks;Šelegovskis Kazimirs Jāņa d.;7. Bauskas LSP;Sv. Jura ordenis;4;;399
1631;Strēlnieks;Šķerbelis Kārlis;7. Bauskas LSP;Sv. Jura ordenis;4;;399
1632;Strēlnieks;Šidlovs Jānis Mārtiņa d.;7. Bauskas LSP;Sv. Jura ordenis;4;;399
1633;Strēlnieks;Šidlovs Valentīns Mārtiņa d.;7. Bauskas LSP;Sv. Jura ordenis;4;;399
1634;Strēlnieks;Šķipsna Arturs Aleksandra d.;7. Bauskas LSP;Sv. Jura ordenis;4;Krusts;276
1635;Strēlnieks;Teikmanis Pēteris Augusta d.;7. Bauskas LSP;Sv. Jura ordenis;4;Krusts;218
1636;Seržants;Tirkmanis Eduards Jāņa d.;7. Bauskas LSP;Sv. Jura ordenis;3;;276
1637;Dižkareivis;Talants Mārtiņš Friča d.;7. Bauskas LSP;Sv. Jura ordenis;4;;277
1638;Strēlnieks;Turiņš Jānis;7. Bauskas LSP;Sv. Jura ordenis;4;;277
1639;Strēlnieks;Tūrnieks Augusts;7. Bauskas LSP;Sv. Jura ordenis;4;;277
1640;Strēlnieks;Tomass Jānis Miķeļa d.;7. Bauskas LSP;Sv. Jura ordenis;4;Medaļa;277
1641;Dižkareivis;Tempelžilds Fricis;7. Bauskas LSP;Sv. Jura ordenis;4;;278
1642;Strēlnieks;Tropiņš Eduards;7. Bauskas LSP;Sv. Jura ordenis;4;;399
1643;Strēlnieks;Turniņš Antons;7. Bauskas LSP;Sv. Jura ordenis;4;;399
1644;Strēlnieks;Tahts Pēteris Miķeļa d.;7. Bauskas LSP;Sv. Jura ordenis;4;;399
1645;Dižkareivis ;Uzkals Jānis Andreja d.;7. Bauskas LSP;Sv. Jura ordenis;4;Krusts;277
1646;Strēlnieks;Urbāns Augusts Ādama d.;7. Bauskas LSP;Sv. Jura ordenis;4;;277
1647;Strēlnieks;Ulmanis Fricis Jāņa d.;7. Bauskas LSP;Sv. Jura ordenis;4;;277
1648;Strēlnieks;Ungurs Ernests;7. Bauskas LSP;Sv. Jura ordenis;4;Medaļa;399
1649;Strēlnieks;Upītis Jānis Jura d.;7. Bauskas LSP;Sv. Jura ordenis;4;Krusts;277
1650;Dižkareivis;Upenieks Krišus Jura d.;7. Bauskas LSP;Sv. Jura ordenis;4;Medaļa;278
1651;Strēlnieks;Vīksniņš Rūdolfs Jēkaba d.;7. Bauskas LSP;Sv. Jura ordenis;4;Krusts;218
1652;Dižkareivis;Vanags Jēkabs Pētera d.;7. Bauskas LSP;Sv. Jura ordenis;4;;218
1653;Seržnats;Vaskovs Andrejs Pētera d.;7. Bauskas LSP;Sv. Jura ordenis;3;;276
1654;Kaprālis;Virss Edgars Anša d.;7. Bauskas LSP;Sv. Jura ordenis;4;;276
1655;Strēlnieks;Vecvagars Krišus Ādolfa d.;7. Bauskas LSP;Sv. Jura ordenis;4;;276
1656;Strēlnieks;Volbergs Aleksandrs Antona d.;7. Bauskas LSP;Sv. Jura ordenis;4;;276
1657;Strēlnieks;Vītols Pāvils;7. Bauskas LSP;Sv. Jura ordenis;4;;277
1658;Strēlnieks;Vimba Kārlis Kārļa d.;7. Bauskas LSP;Sv. Jura ordenis;4;;277
1659;Strēlnieks;Vēžnieks Kārlis Kristapa d.;7. Bauskas LSP;Sv. Jura ordenis;4;Medaļa;277
1660;Strēlnieks;Viļumsons Jānis;7. Bauskas LSP;Sv. Jura ordenis;4;;277
1661;Strēlnieks;Veiss Fricis;7. Bauskas LSP;Sv. Jura ordenis;4;;277
1662;Dižkareivis;Viziņš Jānis Manguļa d.;7. Bauskas LSP;Sv. Jura ordenis;4;;277
1663;Dižkareivis;Vilguts Jēkabs Pētera d.;7. Bauskas LSP;Sv. Jura ordenis;4;;277
1664;Dižkareivis;Verpelis Mārtiņš Paula d.;7. Bauskas LSP;Sv. Jura ordenis;4;;277
1665;Strēlnieks;Vecmanis Kristaps Dāvida d.;7. Bauskas LSP;Sv. Jura ordenis;4;;277
1666;Strēlnieks;Vācietis Arturs Jura d.;7. Bauskas LSP;Sv. Jura ordenis;4;;277
1667;Strēlnieks;Vāgners Jānis Augusta d.;7. Bauskas LSP;Sv. Jura ordenis;4;Divas medaļas;301
1668;Strēlnieks;Zālītis Jūlijs Lorenca d.;7. Bauskas LSP;Sv. Jura ordenis;4;Krusts;218
1669;Strēlnieks;Zommers Eduards Pētera d.;7. Bauskas LSP;Sv. Jura ordenis;4;;218
1670;Strēlnieks;Zemītis Kārlis Jāņa d.;7. Bauskas LSP;Sv. Jura ordenis;4;;218
1671;Dižkareivis;Zalcmanis Augusts;7. Bauskas LSP;Sv. Jura ordenis;3;;276
1672;Dižkareivis;Zeps Antons Andreja d.;7. Bauskas LSP;Sv. Jura ordenis;3;;276
1673;Dižkareivis;Zutis Jānis Pētera d.;7. Bauskas LSP;Sv. Jura ordenis;4;;276
1674;Strēlnieks;Zviedris Jānis Jāņa d.;7. Bauskas LSP;Sv. Jura ordenis;4;;277
1675;Dižkareivis;Zuika Vilis Jāņa d.;7. Bauskas LSP;Sv. Jura ordenis;4;;277
1676;Strēlnieks;Zemels Pēteris Pētera d.;7. Bauskas LSP;Sv. Jura ordenis;4;;277
1677;Strēlnieks;Zvaigzne Jānis;7. Bauskas LSP;Sv. Jura ordenis;3;Medaļa;277
1678;Strēlnieks;Zaltāns Greliks Pētera d.;7. Bauskas LSP;Sv. Jura ordenis;4;;277
1679;Strēlnieks;Zavetkiņš Nikolajs Aleksandra d.;7. Bauskas LSP;Sv. Jura ordenis;4;;278
1680;Strēlnieks;Zaļzirnis Jūlijs;7. Bauskas LSP;Sv. Jura ordenis;4;;399
1681;Strēlnieks;Ziemiņš Jūlijs Pētera d.;7. Bauskas LSP;Sv. Jura ordenis;4;;399
1682;Dižkareivis;Žagars Rūdolfs;7. Bauskas LSP;Sv. Jura ordenis;4;Medaļa;278
1683;Strēlnieks;Žeibe Jēkabs Pētera d.;7. Bauskas LSP;Sv. Jura ordenis;4;;278
1684;Dižkareivis;Lindembergs Kārlis Andreja d.;7. Bauskas LSP;Serbijas karaļa ordeņa zelta zvaigzne ar šķēpiem;;;401
1685;Strēlnieks;Dalke Pāvils Heinriha d.;7. Bauskas LSP;Serbijas karaļa ordeņa zelta zvaigzne ar šķēpiem;;Sudraba ord. ar šķēpiem;401
1686;Seržants;Čižikovs Aleksandrs;7. Bauskas LSP;Serbijas karaļa ordeņa zelta zvaigzne ar šķēpiem;;Zelta medaļa;401
1687;Seržants;Brūnavs Frīdrihs;7. Bauskas LSP;Serbijas karaļa ordeņa zelta zvaigzne ar šķēpiem;;Zelta medaļa;401
1688;Seržants;Sedols Jānis;7. Bauskas LSP;Serbijas karaļa ordeņa zelta zvaigzne ar šķēpiem;;Zelta medaļa;401
1689;Seržants;Puļķe Mihails;7. Bauskas LSP;Serbijas karaļa ordeņa zelta zvaigzne ar šķēpiem;;Sudraba medaļa;401
1690;Kaprālis;Zeps Antons;7. Bauskas LSP;Serbijas karaļa ordeņa zelta zvaigzne ar šķēpiem;;Sudraba medaļa;401
1691;Strēlnieks;Lazdups Ādolfs;7. Bauskas LSP;Serbijas karaļa ordeņa zelta zvaigzne ar šķēpiem;;Sudraba medaļa;401
1692;Strēlnieks;Avotiņš Aleksis Pētera d.;8. Valmieras LSP;Sv. Jura ordenis;4;Krusts;218
1693;Strēlnieks;Alksnītis Augusts Mārtiņa d.;8. Valmieras LSP;Sv. Jura ordenis;4;;218
1694;Strēlnieks;Artemjevs Jānis Jāņa d.;8. Valmieras LSP;Sv. Jura ordenis;4;;218
1695;Strēlnieks;Āzēns Mārtiņš Indriķa d.;8. Valmieras LSP;Sv. Jura ordenis;4;;218
1696;Seržants;Andrašus Jānis;8. Valmieras LSP;Sv. Jura ordenis;4;;278
1697;Dižkareivis;Avens Alberts;8. Valmieras LSP;Sv. Jura ordenis;4;;278
1698;Strēlnieks;Apsītis Fricis Kristapa d.;8. Valmieras LSP;Sv. Jura ordenis;4;;279
1699;Kaprālis;Altemecs Teodors Mārtiņa d.;8. Valmieras LSP;Sv. Jura ordenis;4;;279
1700;Strēlnieks;Arpiņš Pēteris Kārļa d.;8. Valmieras LSP;Sv. Jura ordenis;4;;279
1701;Strēlnieks;Ābels Kārlis Gusta d.;8. Valmieras LSP;Sv. Jura ordenis;4;;279
1702;Dižkareivis;Ādamsons Roberts Jāņa d.;8. Valmieras LSP;Sv. Jura ordenis;4;Medaļa;279
1703;Strēlnieks;Āriņš Nikolajs Jāņa d.;8. Valmieras LSP;Sv. Jura ordenis;4;;279
1704;Strēlnieks;Androņikovs Aleksis;8. Valmieras LSP;Sv. Jura ordenis;3;;279
1705;Strēlnieks;Aipenītis Andrejs Jāņa d.;8. Valmieras LSP;Sv. Jura ordenis;4;;279
1706;Dižkareivis;Aisters Kārlis Jāņa d.;8. Valmieras LSP;Sv. Jura ordenis;4;;279
1707;Strēlnieks;Anspoks Staņislavs Andreja d.;8. Valmieras LSP;Sv. Jura ordenis;4;Divas medaļas;301
1708;Strēlnieks;Ardēns Rūdolfs Jāņa d.;8. Valmieras LSP;Sv. Jura ordenis;4;;399
1709;Strēlnieks;Auziņš Krišus Ernesta d.;8. Valmieras LSP;Sv. Jura ordenis;4;;399
1710;Strēlnieks;Briedis Jānis Jēkaba d.;8. Valmieras LSP;Sv. Jura ordenis;4;Krusts;19
1711;Strēlnieks;Bormanis Jānis Dāvida d.;8. Valmieras LSP;Sv. Jura ordenis;4;;218
1712;Dižkareivis;Brikmanis Aleksandrs Jēkaba d.;8. Valmieras LSP;Sv. Jura ordenis;4;;218
1713;Strēlnieks;Bušs Eduards Jāņa d.;8. Valmieras LSP;Sv. Jura ordenis;4;;218
1714;Strēlnieks;Bērziņš Jēkabs Jukuma d.;8. Valmieras LSP;Sv. Jura ordenis;4;;218
1715;Strēlnieks;Baturkins Vasilijs Fedotova d.;8. Valmieras LSP;Sv. Jura ordenis;4;Medaļa;233
1716;Dižkareivis;Buševics Augusts Jāņa d.;8. Valmieras LSP;Sv. Jura ordenis;3;Krusts;278
1717;Dižkareivis;Baiba Pāvels Ādama d.;8. Valmieras LSP;Sv. Jura ordenis;4;;279
1718;Dižkareivis;Binders Aleksandrs Pētera d.;8. Valmieras LSP;Sv. Jura ordenis;4;;279
1719;Dižkareivis;Bērziņš Jānis Pētera d.;8. Valmieras LSP;Sv. Jura ordenis;4;;278
1720;Dižkareivis;Bakovičs Andrejs Reiņa d.;8. Valmieras LSP;Sv. Jura ordenis;4;;278
1721;Strēlnieks;Brode Pēteris Pētera d.;8. Valmieras LSP;Sv. Jura ordenis;4;Krusts;278
1722;Strēlnieks;Bahmanis Oskars Pētera d.;8. Valmieras LSP;Sv. Jura ordenis;4;;278
1723;Kaprālis;Beikmanis Kārlis Indriķa d.;8. Valmieras LSP;Sv. Jura ordenis;4;;278
1724;Strēlnieks;Briedis Jānis;8. Valmieras LSP;Sv. Jura ordenis;4;;279
1725;Strēlnieks;Bērziņš Rūdolfs Jēkaba d.;8. Valmieras LSP;Sv. Jura ordenis;4;;279
1726;Strēlnieks;Burkāns J. Kristapa d.;8. Valmieras LSP;Sv. Jura ordenis;4;;279
1727;Dižkareivis;Blumbergs Jānis;8. Valmieras LSP;Sv. Jura ordenis;4;;279
1728;Sanitārs;Bekks Nikolajs;8. Valmieras LSP;Sv. Jura ordenis;3;Medaļa;279
1729;Strēlnieks;Bruksteins Andrejs Friča d.;8. Valmieras LSP;Sv. Jura ordenis;4;;279
1730;Strēlnieks;Boms Jānis Kārļa d.;8. Valmieras LSP;Sv. Jura ordenis;4;;279
1731;Strēlnieks;Bērziņš Adrians Gusta d.;8. Valmieras LSP;Sv. Jura ordenis;4;Krusts;279
1732;Strēlnieks;Bērziņš Andrejs Dāvida d.;8. Valmieras LSP;Sv. Jura ordenis;4;;279
1733;Strēlnieks;Berdarts Vilis Gusta d.;8. Valmieras LSP;Sv. Jura ordenis;4;Medaļa;279
1734;Strēlnieks;Broņka Daniels Andreja d.;8. Valmieras LSP;Sv. Jura ordenis;4;;279
1735;Dižkareivis;Baumanis Eduards Ādama d.;8. Valmieras LSP;Sv. Jura ordenis;4;;279
1736;Strēlnieks;Bērziņš Ernests Jāņa d.;8. Valmieras LSP;Sv. Jura ordenis;4;;279
1737;Strēlnieks;Bērziņš Jānis Mārtiņa d.;8. Valmieras LSP;Sv. Jura ordenis;3;;279
1738;Seržants;Brālis Vilis Filipa d.;8. Valmieras LSP;Sv. Jura ordenis;4;;399
1739;Strēlnieks;Bože Krišus Andža d.;8. Valmieras LSP;Sv. Jura ordenis;4;;399
1740;Strēlnieks;Bīdass Alfrēds Jāņa d.;8. Valmieras LSP;Sv. Jura ordenis;4;;279
1741;Dižkareivis;Caka Pēteris Jāņa d.;8. Valmieras LSP;Sv. Jura ordenis;4;Krusts;218
1742;Strēlnieks;Ciemantnieks Jānis Jegora d.;8. Valmieras LSP;Sv. Jura ordenis;4;;279
1743;Strēlnieks;Ceimers Pēteris Pētera d.;8. Valmieras LSP;Sv. Jura ordenis;4;;278
1744;Strēlnieks;Cimdiņš Ādams Indriķa d.;8. Valmieras LSP;Sv. Jura ordenis;4;;278
1745;Strēlnieks;Cāzers Dāvids;8. Valmieras LSP;Sv. Jura ordenis;4;;278
1746;Strēlnieks;Cerulis Pēteris Jēkaba d.;8. Valmieras LSP;Sv. Jura ordenis;4;;279
1747;Strēlnieks;Caune Jānis;8. Valmieras LSP;Sv. Jura ordenis;4;Medaļa;280
1748;Strēlnieks;Cālītis Pēteris Jāņa d.;8. Valmieras LSP;Sv. Jura ordenis;4;Krusts;345
1749;Strēlnieks;Celms Aleksandrs;8. Valmieras LSP;Sv. Jura ordenis;4;Medaļa;399
1750;Strēlnieks;Celms Žanis;8. Valmieras LSP;Sv. Jura ordenis;3;;279
1751;Dižkareivis;Čiževskis Jānis Kazimira d.;8. Valmieras LSP;Sv. Jura ordenis;4;Krusts;218
1752;Kaprālis;Doniņš Rihards Ādama d.;8. Valmieras LSP;Sv. Jura ordenis;4;Krusts;218
1753;Strēlnieks;Deksne Jānis Mārtiņa d.;8. Valmieras LSP;Sv. Jura ordenis;4;;218
1754;Dižkareivis;Dauge-Lauge Jūlijs Pētera d.;8. Valmieras LSP;Sv. Jura ordenis;4;;279
1755;Strēlnieks;Dambergs Alfrēds;8. Valmieras LSP;Sv. Jura ordenis;4;;278
1756;Strēlnieks;Dāboliņš Gustavs Jēkaba d.;8. Valmieras LSP;Sv. Jura ordenis;4;;278
1757;Kaprālis;Dike Jēkabs;8. Valmieras LSP;Sv. Jura ordenis;4;;279
1758;Strēlnieks;Dzenis Jēkabs Andreja d.;8. Valmieras LSP;Sv. Jura ordenis;4;;279
1759;Strēlnieks;Dzelzskalns Jānis;8. Valmieras LSP;Sv. Jura ordenis;4;;279
1760;Strēlnieks;Dreimanis Jānis Dāvida d.;8. Valmieras LSP;Sv. Jura ordenis;4;Medaļa;279
1761;Strēlnieks;Droiska Viktors Sidora d.;8. Valmieras LSP;Sv. Jura ordenis;4;Krusts;279
1762;Strēlnieks;Dzērve Jānis Pētera d.;8. Valmieras LSP;Sv. Jura ordenis;4;;279
1763;Kaprālis;Dilāns Voicigs Jāzepa d.;8. Valmieras LSP;Sv. Jura ordenis;4;Medaļa;279
1764;Sanitārs;Dreija Jānis;8. Valmieras LSP;Sv. Jura ordenis;4;;279
1765;Strēlnieks;Dimze Kārlis Kārļa d.;8. Valmieras LSP;Sv. Jura ordenis;4;Divas medaļas;301
1766;Strēlnieks;Dzenis Aleksandrs Friča d.;8. Valmieras LSP;Sv. Jura ordenis;4;;399
1767;Strēlnieks;Dūms Jānis Ernesta d.;8. Valmieras LSP;Sv. Jura ordenis;4;;399
1768;Strēlnieks;Dižancs Andrejs Kaspara d.;8. Valmieras LSP;Sv. Jura ordenis;4;;399
1769;Strēlnieks;Dambrovskis Jānis Otto d.;8. Valmieras LSP;Sv. Jura ordenis;4;Krusts;279
1770;Strēlnieks;Eihentāls Jānis Jura d.;8. Valmieras LSP;Sv. Jura ordenis;4;Krusts;218
1771;Strēlnieks;Ermanis Jānis Jukuma d.;8. Valmieras LSP;Sv. Jura ordenis;4;;218
1772;Strēlnieks;Egmanis Jānis Andreja d.;8. Valmieras LSP;Sv. Jura ordenis;4;;218
1773;Strēlnieks;Eglītis Andrejs Jura d.;8. Valmieras LSP;Sv. Jura ordenis;4;;218
1774;Strēlnieks;Egle Kristaps;8. Valmieras LSP;Sv. Jura ordenis;4;;279
1775;Strēlnieks;Eberts Emīls Viļa d.;8. Valmieras LSP;Sv. Jura ordenis;4;Medaļa;279
1776;Strēlnieks;Ensors Mārtiņš;8. Valmieras LSP;Sv. Jura ordenis;4;;279
1777;Strēlnieks;Eliņš Otto Dāvida d.;8. Valmieras LSP;Sv. Jura ordenis;4;;279
1778;Strēlnieks;Ells Eduards Kārļa d.;8. Valmieras LSP;Sv. Jura ordenis;4;;279
1779;Strēlnieks;Eglītis Rihards Jāņa d.;8. Valmieras LSP;Sv. Jura ordenis;4;;279
1780;Strēlnieks;Ezeriņš Pēteris;8. Valmieras LSP;Sv. Jura ordenis;4;Medaļa;279
1781;Strēlnieks;Ernsts Nikolajs Osvalda d.;8. Valmieras LSP;Sv. Jura ordenis;3;;279
1782;Dižkareivis;Fersters Pēteris Kārļa d.;8. Valmieras LSP;Sv. Jura ordenis;4;Krusts;279
1783;Strēlnieks;Fedorovs Vasilijs Jēkaba d.;8. Valmieras LSP;Sv. Jura ordenis;4;;278
1784;Dižkareivis;Figge Rūdolfs Jāņa d.;8. Valmieras LSP;Sv. Jura ordenis;4;;278
1785;Strēlnieks;Finks Ferdinands Pētera d.;8. Valmieras LSP;Sv. Jura ordenis;4;;345
1786;Seržants;Frolovs Nikolajs Grigorija d.;8. Valmieras LSP;Sv. Jura ordenis;3;;278
1787;Strēlnieks;Gaižutis Zigismunds;8. Valmieras LSP;Sv. Jura ordenis;4;Krusts;218
1788;Dižkareivis;Granīts Voldemārs Jāņa d.;8. Valmieras LSP;Sv. Jura ordenis;4;;279
1789;Dižkareivis;Gribsons Fricis Friča d.;8. Valmieras LSP;Sv. Jura ordenis;4;;279
1790;Strēlnieks;Grīnbergs Kārlis Jāņa d.;8. Valmieras LSP;Sv. Jura ordenis;4;;279
1791;Strēlnieks;Grots Kārlis;8. Valmieras LSP;Sv. Jura ordenis;4;Medaļa;279
1792;Dižkareivis;Grossens Eduards Kriša d.;8. Valmieras LSP;Sv. Jura ordenis;4;;279
1793;Strēlnieks;Gončaroks Pemens;8. Valmieras LSP;Sv. Jura ordenis;4;;279
1794;Strēlnieks;Grīnbergs Pēteris Friča d.;8. Valmieras LSP;Sv. Jura ordenis;4;;279
1795;Feldšeris;Gassāns Afanasijs Jāņa d.;8. Valmieras LSP;Sv. Jura ordenis;4;;279
1796;Strēlnieks;Gersēns Jānis;8. Valmieras LSP;Sv. Jura ordenis;4;;279
1797;Strēlnieks;Gureckis Pēteris Jāņa d.;8. Valmieras LSP;Sv. Jura ordenis;4;;280
1798;Strēlnieks;Gūtmanis Jēkabs;8. Valmieras LSP;Sv. Jura ordenis;4;;280
1799;Strēlnieks;Griķītis Jānis;8. Valmieras LSP;Sv. Jura ordenis;4;;280
1800;Strēlnieks;Geins Matīss;8. Valmieras LSP;Sv. Jura ordenis;4;;280
1801;Strēlnieks;Gulbe Johans Kārļa d.;8. Valmieras LSP;Sv. Jura ordenis;4;;280
1802;Strēlnieks;Geinsbergs Eduards Jāņa d.;8. Valmieras LSP;Sv. Jura ordenis;4;Divas medaļas;301
1803;Dižkareivis;Ģēģeris Kārlis Anša d.;8. Valmieras LSP;Sv. Jura ordenis;4;;399
1804;Strēlnieks;Graudiņš Jēkabs Jāņa d.;8. Valmieras LSP;Sv. Jura ordenis;4;;399
1805;Strēlnieks;Grīnbergs Jānis Jāņa d.;8. Valmieras LSP;Sv. Jura ordenis;4;;399
1806;Strēlnieks;Gusars Otto Mades d.;8. Valmieras LSP;Sv. Jura ordenis;4;;399
1807;Strēlnieks;Hristoforovičs Valērijs;8. Valmieras LSP;Sv. Jura ordenis;4;Krusts;278
1808;Strēlnieks;Hofmanis Marks Antona d.;8. Valmieras LSP;Sv. Jura ordenis;4;Medaļa ;399
1809;Strēlnieks;Innus Kārlis;8. Valmieras LSP;Sv. Jura ordenis;4;Krusts;278
1810;Strēlnieks;Igozins Benedikts Jēkaba d.;8. Valmieras LSP;Sv. Jura ordenis;4;Divas medaļas;301
1811;Strēlnieks;Inoks Andrejs;8. Valmieras LSP;Sv. Jura ordenis;4;Krusts;279
1812;Strēlnieks;Jumiķis Kārlis Andreja d.;8. Valmieras LSP;Sv. Jura ordenis;4;Krusts;218
1813;Strēlnieks;Jansons Juris Hermaņa d.;8. Valmieras LSP;Sv. Jura ordenis;4;;218
1814;Seržants;Jansons Žanis Mihaila d.;8. Valmieras LSP;Sv. Jura ordenis;3;;278
1815;Dižkareivis;Jākobsons Zamuels Jāņa d.;8. Valmieras LSP;Sv. Jura ordenis;4;;278
1816;Strēlnieks;Jaunzems Alfrēds Eduarda d.;8. Valmieras LSP;Sv. Jura ordenis;4;;278
1817;Kaprālis;Jēgers Ernests Kriša d.;8. Valmieras LSP;Sv. Jura ordenis;4;;278
1818;Strēlnieks;Jorens Kārlis Paula d.;8. Valmieras LSP;Sv. Jura ordenis;4;;278
1819;Strēlnieks;Jutāls Kārlis Jāņa d.;8. Valmieras LSP;Sv. Jura ordenis;4;;278
1820;Strēlnieks;Jurdens Augusts Jāņa d.;8. Valmieras LSP;Sv. Jura ordenis;4;Medaļa;279
1821;Strēlnieks;Jākobsons Teodors Andreja d.;8. Valmieras LSP;Sv. Jura ordenis;4;;279
1822;Strēlnieks;Jaunzems Voldemārs Krista d.;8. Valmieras LSP;Sv. Jura ordenis;4;;279
1823;Sanitārs;Jansons Jānis Reiņa d.;8. Valmieras LSP;Sv. Jura ordenis;4;;279
1824;Strēlnieks;Jākobsons Žanis Ģederta d.;8. Valmieras LSP;Sv. Jura ordenis;4;;280
1825;Strēlnieks;Juhņevičs Osips Augusta d.;8. Valmieras LSP;Sv. Jura ordenis;4;;399
1826;Seržants;Jakovskis Fricis Friča d.;8. Valmieras LSP;Sv. Jura ordenis;4;;399
1827;Dižkareivis;Kadiss Krišus Inta d.;8. Valmieras LSP;Sv. Jura ordenis;4;Krusts;218
1828;Strēlnieks;Krembergs Kārlis Jēkaba d.;8. Valmieras LSP;Sv. Jura ordenis;4;;218
1829;Strēlnieks;Kozlovs Jānis Jēkaba d.;8. Valmieras LSP;Sv. Jura ordenis;4;;218
1830;Strēlnieks;Klimkēns Pēteris Pētera d.;8. Valmieras LSP;Sv. Jura ordenis;4;;218
1831;Strēlnieks;Kuike Eduards Kriša d.;8. Valmieras LSP;Sv. Jura ordenis;4;Krusts;218
1832;Strēlnieks;Kociņš Ludvigs Pētera d.;8. Valmieras LSP;Sv. Jura ordenis;4;;218
1833;Kaprālis;Kļavga Jānis Mārtiņa d.;8. Valmieras LSP;Sv. Jura ordenis;2;;218
1834;Strēlnieks;Kleberis Dāvids Viļa d.;8. Valmieras LSP;Sv. Jura ordenis;4;;218
1835;Seržants;Krūmiņš Jānis Jāņa d.;8. Valmieras LSP;Sv. Jura ordenis;3;;278
1836;Kaprālis;Kele Krišjānis;8. Valmieras LSP;Sv. Jura ordenis;4;;278
1837;Kaprālis;Kaņepītis Alberts Idriķa d.;8. Valmieras LSP;Sv. Jura ordenis;4;;278
1838;Strēlnieks;Kazaks Pēteris Jāņa d.;8. Valmieras LSP;Sv. Jura ordenis;4;;278
1839;Strēlnieks;Kausiņš Kārlis;8. Valmieras LSP;Sv. Jura ordenis;4;;278
1840;Kaprālis;Kadainis Andrejs Jāņa d.;8. Valmieras LSP;Sv. Jura ordenis;4;;278
1841;Kaprālis;Kaņepītis Kārlis Jura d.;8. Valmieras LSP;Sv. Jura ordenis;4;;278
1842;Kaprālis;Kārkliņš Jānis Jēkaba d.;8. Valmieras LSP;Sv. Jura ordenis;4;;278
1843;Kaprālis;Kuivišs Antons Kārļa d.;8. Valmieras LSP;Sv. Jura ordenis;4;;279
1844;Strēlnieks;Kalniņš Jānis Miķeļa d.;8. Valmieras LSP;Sv. Jura ordenis;4;;279
1845;Strēlnieks;Kauliņš Pēteris Ādama d.;8. Valmieras LSP;Sv. Jura ordenis;4;;279
1846;Strēlnieks;Krasovskis Jānis;8. Valmieras LSP;Sv. Jura ordenis;4;;279
1847;Strēlnieks;Kaļķītis Pēteris;8. Valmieras LSP;Sv. Jura ordenis;4;;279
1848;Strēlnieks;Kirēns Alfrēds;8. Valmieras LSP;Sv. Jura ordenis;4;;279
1849;Strēlnieks;Kļava Staņislavs;8. Valmieras LSP;Sv. Jura ordenis;4;;279
1850;Strēlnieks;Kārkliņš Kārlis Jura d.;8. Valmieras LSP;Sv. Jura ordenis;4;;279
1851;Strēlnieks;Kučinskis Juliāns Pētera d.;8. Valmieras LSP;Sv. Jura ordenis;4;;279
1852;Strēlnieks;Kambergs Kristaps Kristapa d.;8. Valmieras LSP;Sv. Jura ordenis;4;Medaļa;279
1853;Strēlnieks;Krūmkalns Nikolajs;8. Valmieras LSP;Sv. Jura ordenis;4;;279
1854;Strēlnieks;Kalnbērzs Žanis Mārtiņa d.;8. Valmieras LSP;Sv. Jura ordenis;4;;279
1855;Dižkareivis;Kļaviņš Kārlis Pētera d.;8. Valmieras LSP;Sv. Jura ordenis;4;;279
1856;Strēlnieks;Kļaviņš Mārtiņš Jāņa d.;8. Valmieras LSP;Sv. Jura ordenis;4;;279
1857;Strēlnieks;Krastiņš Aleksandrs;8. Valmieras LSP;Sv. Jura ordenis;4;;279
1858;Dižkareivis;Kunče Alfrēds Jāņa d.;8. Valmieras LSP;Sv. Jura ordenis;4;;279
1859;Strēlnieks;Katcens Alfrēds;8. Valmieras LSP;Sv. Jura ordenis;4;;279
1860;Strēlnieks;Kacis Jānis Indriķa d.;8. Valmieras LSP;Sv. Jura ordenis;4;;279
1861;Feldšeris;Korževs Iļja;8. Valmieras LSP;Sv. Jura ordenis;4;;279
1862;Strēlnieks;Krainhis Jānis Jāņa d.;8. Valmieras LSP;Sv. Jura ordenis;4;;279
1863;Strēlnieks;Kalniņš Pēteris Pētera d.;8. Valmieras LSP;Sv. Jura ordenis;4;;279
1864;Strēlnieks;Kvietkis Otto Kazimira d.;8. Valmieras LSP;Sv. Jura ordenis;4;;279
1865;Sanitārs;Krūmiņš Jūlijs Jāņa d.;8. Valmieras LSP;Sv. Jura ordenis;4;;279
1866;Dižkareivis;Kļavinskis Ludvigs;8. Valmieras LSP;Sv. Jura ordenis;4;;280
1867;Strēlnieks;Klāvs Kārlis Dāvida d.;8. Valmieras LSP;Sv. Jura ordenis;4;;280
1868;Strēlnieks;Kristapsons Jānis Anša d.;8. Valmieras LSP;Sv. Jura ordenis;4;Divas medaļas;301
1869;Strēlnieks;Ķiploks Pēteris Andreja d.;8. Valmieras LSP;Sv. Jura ordenis;4;;301
1870;Dižkareivis;Kulainis Jānis Mārtiņa d.;8. Valmieras LSP;Sv. Jura ordenis;4;;399
1871;Strēlnieks;Kjapo Johans Johana d.;8. Valmieras LSP;Sv. Jura ordenis;4;;399
1872;Strēlnieks;Koreckis Aleksandrs Kārļa d.;8. Valmieras LSP;Sv. Jura ordenis;4;;399
1873;Strēlnieks;Karabans Vasilijs Jāņa d.;8. Valmieras LSP;Sv. Jura ordenis;4;;399
1874;Strēlnieks;Krūmgolds Jānis Jāņa d.;8. Valmieras LSP;Sv. Jura ordenis;4;;399
1875;Strēlnieks;Knopkins Miķelis Jāņa d.;8. Valmieras LSP;Sv. Jura ordenis;4;;399
1876;Strēlnieks;Kārkliņš Pēteris Ādama d.;8. Valmieras LSP;Sv. Jura ordenis;4;Krusts;279
1877;Dižkareivis;Krieviņš Kristaps;8. Valmieras LSP;Sv. Jura ordenis;4;;279
1878;Strēlnieks;Lakuns Augusts;8. Valmieras LSP;Sv. Jura ordenis;4;Krusts;19
1879;Strēlnieks;Lukaišs Pēteris Andreja d.;8. Valmieras LSP;Sv. Jura ordenis;2;;218
1880;Strēlnieks;Lakins Augusts Gusta d.;8. Valmieras LSP;Sv. Jura ordenis;4;;278
1881;Dižkareivis;Lūsis Kārlis Otto d.;8. Valmieras LSP;Sv. Jura ordenis;4;;278
1882;Strēlnieks;Lacekels Alberts Matīsa d.;8. Valmieras LSP;Sv. Jura ordenis;4;;279
1883;Strēlnieks;Liepa Vilis Viļa d.;8. Valmieras LSP;Sv. Jura ordenis;4;;279
1884;Strēlnieks;Lejiņš Alberts Friča d.;8. Valmieras LSP;Sv. Jura ordenis;4;;279
1885;Strēlnieks;Legzdiņš Roberts;8. Valmieras LSP;Sv. Jura ordenis;4;Medaļa;279
1886;Strēlnieks;Liberts Jānis Jāņa d.;8. Valmieras LSP;Sv. Jura ordenis;4;;279
1887;Strēlnieks;Lietuvietis Ēvalds Andreja d.;8. Valmieras LSP;Sv. Jura ordenis;4;;279
1888;Virsseržants;Ludris Jānis Pētera d.;8. Valmieras LSP;Sv. Jura ordenis;4;;279
1889;Strēlnieks;Lenbergs-Rubens Jānis;8. Valmieras LSP;Sv. Jura ordenis;4;;279
1890;Strēlnieks;Lass Pēteris Ādama d.;8. Valmieras LSP;Sv. Jura ordenis;4;;279
1891;Strēlnieks;Leins Jānis Kriša d.;8. Valmieras LSP;Sv. Jura ordenis;4;Krusts un medaļa;279
1892;Feldšeris;Lindenbergs Ernests;8. Valmieras LSP;Sv. Jura ordenis;4;;279
1893;Strēlnieks;Lodītis Jānis;8. Valmieras LSP;Sv. Jura ordenis;4;Krusts;345
1894;Strēlnieks;Lūsis Jānis Kārļa d.;8. Valmieras LSP;Sv. Jura ordenis;4;Divas medaļas;301
1895;Strēlnieks;Lūsis Eduards Pētera d.;8. Valmieras LSP;Sv. Jura ordenis;4;Divas medaļas;301
1896;Strēlnieks;Loginovs Osips Ādama d.;8. Valmieras LSP;Sv. Jura ordenis;4;Divas medaļas;301
1897;Strēlnieks;Laus Andrejs Franča d.;8. Valmieras LSP;Sv. Jura ordenis;4;Divas medaļas;301
1898;Dižkareivis;Luikmanis Johans Antona d.;8. Valmieras LSP;Sv. Jura ordenis;4;;399
1899;Strēlnieks;Lielmanis Indriķis Jāņa d.;8. Valmieras LSP;Sv. Jura ordenis;4;;399
1900;Strēlnieks;Leksis Alfrēds Pētera d.;8. Valmieras LSP;Sv. Jura ordenis;4;Medaļa;399
1901;Strēlnieks;Laars Kārlis Jāņa d.;8. Valmieras LSP;Sv. Jura ordenis;4;;399
1902;Strēlnieks;Lente Ernests Indriķa d.;8. Valmieras LSP;Sv. Jura ordenis;4;;279
1903;Strēlnieks;Mitrevics Eduards;8. Valmieras LSP;Sv. Jura ordenis;4;Krusts;19
1904;Strēlnieks;Mikše Ernests Kārļa d.;8. Valmieras LSP;Sv. Jura ordenis;4;;218
1905;Dižkareivis;Matišons Jēkabs Pola d.;8. Valmieras LSP;Sv. Jura ordenis;4;;218
1906;Strēlnieks;Maksels Jānis Jāņa d.;8. Valmieras LSP;Sv. Jura ordenis;4;;218
1907;Strēlnieks;Missiņš Ludvigs Anša d.;8. Valmieras LSP;Sv. Jura ordenis;4;Medaļa;233
1908;Seržants;Meudeckis Ignats Mihaila d.;8. Valmieras LSP;Sv. Jura ordenis;3;Krusts;278
1909;Sanitārs;Mežaks Jānis Jāņa d.;8. Valmieras LSP;Sv. Jura ordenis;4;;279
1910;Kaprālis;Mežups Kārlis Friča d.;8. Valmieras LSP;Sv. Jura ordenis;4;;278
1911;Seržants;Murešovs Mihails;8. Valmieras LSP;Sv. Jura ordenis;4;;278
1912;Kaprālis;Miorovs Ņikifors Fjodora d.;8. Valmieras LSP;Sv. Jura ordenis;4;;278
1913;Kaprālis;Markovskis Eduards;8. Valmieras LSP;Sv. Jura ordenis;4;;278
1914;Strēlnieks;Melgalvis Roberts Matīsa d.;8. Valmieras LSP;Sv. Jura ordenis;4;;278
1915;Strēlnieks;Meija Johans;8. Valmieras LSP;Sv. Jura ordenis;4;;279
1916;Strēlnieks;Moors Jozefs Kārļa d.;8. Valmieras LSP;Sv. Jura ordenis;4;Medaļa;279
1917;Strēlnieks;Mucenieks Jānis Dāvja d.;8. Valmieras LSP;Sv. Jura ordenis;4;;279
1918;Strēlnieks;Mežkalns Boļeslavs;8. Valmieras LSP;Sv. Jura ordenis;4;;279
1919;Strēlnieks;Melle Frīdrihs Kārļa d.;8. Valmieras LSP;Sv. Jura ordenis;4;;279
1920;Strēlnieks;Miezītis Jēkabs Kārļa d.;8. Valmieras LSP;Sv. Jura ordenis;4;;279
1921;Strēlnieks;Maars Johans;8. Valmieras LSP;Sv. Jura ordenis;4;;279
1922;Seržants;Millers Mārtiņš Jēkaba d.;8. Valmieras LSP;Sv. Jura ordenis;4;;280
1923;Seržants;Meļņiks Jānis Jāņa d.;8. Valmieras LSP;Sv. Jura ordenis;4;;280
1924;Strēlnieks;Macpaks Pēteris Miķeļa d.;8. Valmieras LSP;Sv. Jura ordenis;4;Divas medaļas;301
1925;Strēlnieks;Miķelsons Mārtiņš Mārtiņa d.;8. Valmieras LSP;Sv. Jura ordenis;4;Divas medaļas;301
1926;Strēlnieks;Markovs Johans Ādolfa d.;8. Valmieras LSP;Sv. Jura ordenis;4;;399
1927;Strēlnieks;Miezītis Jūlijs;8. Valmieras LSP;Sv. Jura ordenis;4;Krusts;279
1928;Strēlnieks;Mednis Jānis Andreja d.;8. Valmieras LSP;Sv. Jura ordenis;4;Medaļa;399
1929;Strēlnieks;Namnieks Pēteris;8. Valmieras LSP;Sv. Jura ordenis;4;Medaļa;279
1930;Strēlnieks;Noriņš Kārlis;8. Valmieras LSP;Sv. Jura ordenis;4;;279
1931;Strēlnieks;Nabaks Fricis Kriša d.;8. Valmieras LSP;Sv. Jura ordenis;4;;279
1932;Seržants;Osis Kārlis Mārtiņa d.;8. Valmieras LSP;Sv. Jura ordenis;4;Krusts;218
1933;Kaprālis;Oliņš Jānis;8. Valmieras LSP;Sv. Jura ordenis;4;;278
1934;Strēlnieks;Ozoliņš Pēteris Jegora d.;8. Valmieras LSP;Sv. Jura ordenis;4;Medaļa;279
1935;Strēlnieks;Ozoliņš Juris Andreja d.;8. Valmieras LSP;Sv. Jura ordenis;4;;279
1936;Strēlnieks;Poļuleitis Jēkabs Ādama d.;8. Valmieras LSP;Sv. Jura ordenis;4;Divi krusti;19
1937;Strēlnieks;Putniņš Jānis Jēkaba d.;8. Valmieras LSP;Sv. Jura ordenis;4;;218
1938;Strēlnieks;Plotnieks Fricis Viļuma d.;8. Valmieras LSP;Sv. Jura ordenis;4;;218
1939;Strēlnieks;Petkevičs Jānis Vladislava d.;8. Valmieras LSP;Sv. Jura ordenis;4;;218
1940;Strēlnieks;Poltraks Jānis Ernesta d.;8. Valmieras LSP;Sv. Jura ordenis;4;;278
1941;Strēlnieks;Pinekass Vladimirs Antona d.;8. Valmieras LSP;Sv. Jura ordenis;4;;278
1942;Strēlnieks;Pētersons Jēkabs;8. Valmieras LSP;Sv. Jura ordenis;4;;278
1943;Dižkareivis;Punaus Viktors;8. Valmieras LSP;Sv. Jura ordenis;4;;278
1944;Kaprālis;Puga Ādolfs Jēkaba d.;8. Valmieras LSP;Sv. Jura ordenis;4;;278
1945;Seržants;Pludiņš Ferdinands Kārļa d.;8. Valmieras LSP;Sv. Jura ordenis;4;;279
1946;Strēlnieks;Peivāns Antons Kārļa d.;8. Valmieras LSP;Sv. Jura ordenis;4;Medaļa;279
1947;Strēlnieks;Plinte Jānis Pētera d.;8. Valmieras LSP;Sv. Jura ordenis;4;;279
1948;Strēlnieks;Paukšte Konstantīns;8. Valmieras LSP;Sv. Jura ordenis;4;;279
1949;Strēlnieks;Punakovs Eduards;8. Valmieras LSP;Sv. Jura ordenis;4;;279
1950;Feldšeris;Pikurs Jānis Ādama d.;8. Valmieras LSP;Sv. Jura ordenis;4;;279
1951;Sanitārs;Pinkovskis Mateus;8. Valmieras LSP;Sv. Jura ordenis;4;;279
1952;Sanitārs;Pauga Aleksandrs;8. Valmieras LSP;Sv. Jura ordenis;4;;279
1953;Strēlnieks;Paspārne Gustavs Jēkaba d.;8. Valmieras LSP;Sv. Jura ordenis;4;Divas medaļas;301
1954;Strēlnieks;Pētersons Gustavs Jāņa d.;8. Valmieras LSP;Sv. Jura ordenis;4;;399
1955;Strēlnieks;Pripalds Jēkabs Jēkaba d.;8. Valmieras LSP;Sv. Jura ordenis;4;Krusts;399
1956;Strēlnieks;Riekstiņš Juris Līzes d.;8. Valmieras LSP;Sv. Jura ordenis;4;Krusts;218
1957;Strēlnieks;Rabats Juris Andža d.;8. Valmieras LSP;Sv. Jura ordenis;4;;218
1958;Strēlnieks;Rumba Rūdolfs Žaņa d.;8. Valmieras LSP;Sv. Jura ordenis;4;;218
1959;Strēlnieks;Rozenbergs Alfrēds Jāņa d.;8. Valmieras LSP;Sv. Jura ordenis;4;;218
1960;Strēlnieks;Rumsons Krišus Toma d.;8. Valmieras LSP;Sv. Jura ordenis;4;;218
1961;Strēlnieks;Rozītis Jānis Jāņa d.;8. Valmieras LSP;Sv. Jura ordenis;4;;218
1962;Strēlnieks;Rikards Augusts Pētera d.;8. Valmieras LSP;Sv. Jura ordenis;4;;218
1963;Kaprālis;Rešņuks Amfions Jāņa d.;8. Valmieras LSP;Sv. Jura ordenis;4;;218
1964;Kaprālis;Rabacs Jānis Augusta d.;8. Valmieras LSP;Sv. Jura ordenis;4;;218
1965;Strēlnieks;Rumbe Fricis;8. Valmieras LSP;Sv. Jura ordenis;4;;278
1966;Seržants;Rimidāns Eduards Antona d.;8. Valmieras LSP;Sv. Jura ordenis;4;;278
1967;Strēlnieks;Ruza Kristaps Ģederta d.;8. Valmieras LSP;Sv. Jura ordenis;4;;278
1968;Sapieris;Rožkalns Frīdrihs Jāņa d.;8. Valmieras LSP;Sv. Jura ordenis;4;;278
1969;Strēlnieks;Rotss Johans;8. Valmieras LSP;Sv. Jura ordenis;4;;278
1970;Strēlnieks;Roze Jānis Kristapa d.;8. Valmieras LSP;Sv. Jura ordenis;4;;279
1971;Strēlnieks;Reņģītis Jānis Jēkaba d.;8. Valmieras LSP;Sv. Jura ordenis;4;;279
1972;Strēlnieks;Rozēns Jānis Mārtiņa d.;8. Valmieras LSP;Sv. Jura ordenis;4;Medaļa;279
1973;Strēlnieks;Rivickis Jānis Mārtiņa d.;8. Valmieras LSP;Sv. Jura ordenis;4;;279
1974;Strēlnieks;Rozītis Jānis Pētera d.;8. Valmieras LSP;Sv. Jura ordenis;4;;279
1975;Strēlnieks;Rudzītis Viļums Jēkaba d.;8. Valmieras LSP;Sv. Jura ordenis;4;;279
1976;Strēlnieks;Rajevskis Vikentijs Staņislava d.;8. Valmieras LSP;Sv. Jura ordenis;4;;279
1977;Strēlnieks;Rabmevics Andrejs Miķeļa d.;8. Valmieras LSP;Sv. Jura ordenis;4;;279
1978;Strēlnieks;Rassa Kārlis Otto d.;8. Valmieras LSP;Sv. Jura ordenis;3;;279
1979;Strēlnieks;Radkoslavins Jānis Jāņa d.;8. Valmieras LSP;Sv. Jura ordenis;3;;279
1980;Strēlnieks;Reniks Jānis;8. Valmieras LSP;Sv. Jura ordenis;4;;280
1981;Strēlnieks;Rjumke Kārlis Kriša d.;8. Valmieras LSP;Sv. Jura ordenis;4;;280
1982;Strēlnieks;Rozentāls Jānis Kriša d.;8. Valmieras LSP;Sv. Jura ordenis;4;;345
1983;Strēlnieks;Ramanis Ernests Friča d.;8. Valmieras LSP;Sv. Jura ordenis;4;Divas medaļas;301
1984;Strēlnieks;Resnis Pēteris Jāņa d.;8. Valmieras LSP;Sv. Jura ordenis;4;Divas medaļas;301
1985;Strēlnieks;Rigas Vilis Andreja d.;8. Valmieras LSP;Sv. Jura ordenis;4;Divas medaļas;301
1986;Strēlnieks;Rekke Kārlis Kriša d.;8. Valmieras LSP;Sv. Jura ordenis;4;Divas medaļas;301
1987;Seržants;Rimicāns Eduards Antona d.;8. Valmieras LSP;Sv. Jura ordenis;3;Divas medaļas;301
1988;Strēlnieks;Rebens Jānis Jēkaba d.;8. Valmieras LSP;Sv. Jura ordenis;4;Medaļa;399
1989;Strēlnieks;Ribners Kārlis Friča d.;8. Valmieras LSP;Sv. Jura ordenis;4;Medaļa;399
1990;Strēlnieks;Rovāns Jānis Osipa d.;8. Valmieras LSP;Sv. Jura ordenis;4;Krusts;279
1991;Strēlnieks;Roburgs Jānis;8. Valmieras LSP;Sv. Jura ordenis;4;;279
1992;Strēlnieks;Raudzēns Jānis Gusta d.;8. Valmieras LSP;Sv. Jura ordenis;4;Medaļa;279
1993;Kaprālis;Sproģis Jānis Pētera d.;8. Valmieras LSP;Sv. Jura ordenis;4;Krusts;19
1994;Strēlnieks;Skroderis Jānis Jura d.;8. Valmieras LSP;Sv. Jura ordenis;4;;218
1995;Strēlnieks;Seils Pēteris Jāņa d.;8. Valmieras LSP;Sv. Jura ordenis;4;;218
1996;Strēlnieks;Skubiks Žanis Jēkaba d.;8. Valmieras LSP;Sv. Jura ordenis;4;;218
1997;Strēlnieks;Salaks Alfrēds Osipa d.;8. Valmieras LSP;Sv. Jura ordenis;4;;218
1998;Seržants;Smagis Miķelis Miķeļa d.;8. Valmieras LSP;Sv. Jura ordenis;4;;218
1999;Dižkareivis;Svarāns Jūlijs Andreja d.;8. Valmieras LSP;Sv. Jura ordenis;4;;279
2000;Seržants;Straume Jānis Jāņa d.;8. Valmieras LSP;Sv. Jura ordenis;4;;278
2001;Dižkareivis;Stirne Kārlis;8. Valmieras LSP;Sv. Jura ordenis;4;;278
2002;Dižkareivis;Stumbris Jēkabs Jēkaba d.;8. Valmieras LSP;Sv. Jura ordenis;4;;278
2003;Strēlnieks;Slaidiņš Pēteris Miķeļa d.;8. Valmieras LSP;Sv. Jura ordenis;4;;278
2004;Kaprālis;Stirna Gustavs Miķeļa d.;8. Valmieras LSP;Sv. Jura ordenis;4;;278
2005;Strēlnieks;Strazdiņš Kārlis;8. Valmieras LSP;Sv. Jura ordenis;4;;279
2006;Strēlnieks;Strazdiņš Vilis Pētera d.;8. Valmieras LSP;Sv. Jura ordenis;4;;279
2007;Strēlnieks;Sarkans Jānis Jāņa d.;8. Valmieras LSP;Sv. Jura ordenis;4;;279
2008;Feldšeris;Sebežko Otto;8. Valmieras LSP;Sv. Jura ordenis;4;;279
2009;Strēlnieks;Saudre Oskars;8. Valmieras LSP;Sv. Jura ordenis;3;Medaļa;279
2010;Strēlnieks;Spude Ādams Andreja d.;8. Valmieras LSP;Sv. Jura ordenis;4;Krusts;279
2011;Sanitārs;Strautkalns Jānis Anša d.;8. Valmieras LSP;Sv. Jura ordenis;4;Medaļa;279
2012;Dižkareivis;Skudre Krišus Friča d.;8. Valmieras LSP;Sv. Jura ordenis;4;;279
2013;Strēlnieks;Samsvičs Osips Friča d.;8. Valmieras LSP;Sv. Jura ordenis;4;;279
2014;Strēlnieks;Saksons Ādams Pētera d.;8. Valmieras LSP;Sv. Jura ordenis;4;;279
2015;Kaprālis;Starzdiņš Jānis Matīsa d.;8. Valmieras LSP;Sv. Jura ordenis;4;;279
2016;Strēlnieks;Sprosts Eduadrs Jēkaba d.;8. Valmieras LSP;Sv. Jura ordenis;4;;279
2017;Kaprālis;Skulme Roberts;8. Valmieras LSP;Sv. Jura ordenis;4;;279
2018;Dižkareivis;Sproģis Jānis Jāņa d.;8. Valmieras LSP;Sv. Jura ordenis;4;;280
2019;Strēlnieks;Sommers Jānis Osipa d.;8. Valmieras LSP;Sv. Jura ordenis;4;;280
2020;Strēlnieks;Sīpols Jānis Anša d.;8. Valmieras LSP;Sv. Jura ordenis;4;Divas medaļas;301
2021;Strēlnieks;Strazdiņš Jānis Jāņa d.;8. Valmieras LSP;Sv. Jura ordenis;4;Divas medaļas;301
2022;Strēlnieks;Stendzenieks Frīdrihs Mihaila d.;8. Valmieras LSP;Sv. Jura ordenis;4;Divas medaļas;301
2023;Seržants;Starks Augusts Jēkaba d.;8. Valmieras LSP;Sv. Jura ordenis;4;;399
2024;Strēlnieks;Sarkans Ernests Mārtiņa d.;8. Valmieras LSP;Sv. Jura ordenis;4;;399
2025;Strēlnieks;Smildziņš Ernests Friča d.;8. Valmieras LSP;Sv. Jura ordenis;4;;399
2026;Strēlnieks;Staisulis Jānis Pētera d.;8. Valmieras LSP;Sv. Jura ordenis;4;;399
2027;Strēlnieks;Stikāns Donāts Andreja d.;8. Valmieras LSP;Sv. Jura ordenis;4;;399
2028;Strēlnieks;Skubske Jānis Georga d.;8. Valmieras LSP;Sv. Jura ordenis;4;;399
2029;Strēlnieks;Sniegs Kārlis Miķeļa d.;8. Valmieras LSP;Sv. Jura ordenis;4;Krusts;278
2030;Strēlnieks;Šveics Aleksandrs Gusta d.;8. Valmieras LSP;Sv. Jura ordenis;4;Krusts;218
2031;Strēlnieks;Švarcs Jēkabs Kārļa d.;8. Valmieras LSP;Sv. Jura ordenis;4;;218
2032;Dižkareivis;Šmits Jūlijs Kristapa d.;8. Valmieras LSP;Sv. Jura ordenis;4;;279
2033;Strēlnieks;Šults Rihards;8. Valmieras LSP;Sv. Jura ordenis;4;;279
2034;Sanitārs;Šveics Osvalds;8. Valmieras LSP;Sv. Jura ordenis;4;Medaļa;279
2035;Dižkareivis;Štrauss Andrejs;8. Valmieras LSP;Sv. Jura ordenis;;;
2036;Strēlnieks;Tenteris Teodors Benjamiņa d.;8. Valmieras LSP;Sv. Jura ordenis;4;;218
2037;Strēlnieks;Tikums Jānis Ernesta d.;8. Valmieras LSP;Sv. Jura ordenis;4;;218
2038;Strēlnieks;Titovs Dmitrijs Daniela d.;8. Valmieras LSP;Sv. Jura ordenis;4;;218
2039;Dižkareivis;Tiesnevs Žanis Jāņa d.;8. Valmieras LSP;Sv. Jura ordenis;4;;279
2040;Strēlnieks;Tokels Ernests Friča d.;8. Valmieras LSP;Sv. Jura ordenis;4;;278
2041;Kaprālis;Tarkss Roberts Jāņa d.;8. Valmieras LSP;Sv. Jura ordenis;4;;278
2042;Strēlnieks;Tikanš Pēteris Dāvja d.;8. Valmieras LSP;Sv. Jura ordenis;4;Medaļa;279
2043;Strēlnieks;Tirss Johans Kārļa d.;8. Valmieras LSP;Sv. Jura ordenis;4;;279
2044;Strēlnieks;Teteris Aleksandrs Mārtiņa d.;8. Valmieras LSP;Sv. Jura ordenis;4;;279
2045;Feldšeris;Tons Eduards Teodora d.;8. Valmieras LSP;Sv. Jura ordenis;4;;279
2046;Sanitārs;Teteris Augusts;8. Valmieras LSP;Sv. Jura ordenis;4;;279
2047;Strēlnieks;Turks Jānis Jēkaba d.;8. Valmieras LSP;Sv. Jura ordenis;4;;399
2048;Strēlnieks;Teins Krišjānis Matīsa d.;8. Valmieras LSP;Sv. Jura ordenis;4;Krusts;280
2049;Strēlnieks;Triškovs;8. Valmieras LSP;Sv. Jura ordenis;4;;279
2050;Strēlnieks;Urbāns Kārlis Gusta d.;8. Valmieras LSP;Sv. Jura ordenis;4;Krusts ;19
2051;Strēlnieks;Ūdris Jānis Mārtiņa d.;8. Valmieras LSP;Sv. Jura ordenis;4;;218
2052;Seržants;Ūdris Jūlijs Reiņa d.;8. Valmieras LSP;Sv. Jura ordenis;4;;278
2053;Strēlnieks;Urbāns Kārlis Jāņa d.;8. Valmieras LSP;Sv. Jura ordenis;4;;279
2054;Kaprālis;Urga Jānis;8. Valmieras LSP;Sv. Jura ordenis;4;;279
2055;Strēlnieks;Upītis Miķelis;8. Valmieras LSP;Sv. Jura ordenis;4;;279
2056;Strēlnieks;Ute Gustavs Jēkaba d.;8. Valmieras LSP;Sv. Jura ordenis;4;;279
2057;Strēlnieks;Uzariņš Vladislavs Miķeļa d.;8. Valmieras LSP;Sv. Jura ordenis;4;Medaļa;279
2058;Strēlnieks;Untāls Vilis Pētera d.;8. Valmieras LSP;Sv. Jura ordenis;4;Krusts;279
2059;Strēlnieks;Upmanis Mārtiņš Friča d.;8. Valmieras LSP;Sv. Jura ordenis;4;Medaļa;399
2060;Strēlnieks;Vimba Miķelis Mārtiņa d.;8. Valmieras LSP;Sv. Jura ordenis;4;;218
2061;Dižkareivis;Vilerts Pēteris Mārtiņa d.;8. Valmieras LSP;Sv. Jura ordenis;4;;279
2062;Kaprālis;Vīksne Jānis;8. Valmieras LSP;Sv. Jura ordenis;4;;278
2063;Dižkareivis;Vassuls Jānis Valtera d.;8. Valmieras LSP;Sv. Jura ordenis;4;;278
2064;Strēlnieks;Viškers Fricis;8. Valmieras LSP;Sv. Jura ordenis;4;;279
2065;Strēlnieks;Vilcēns Aleksis;8. Valmieras LSP;Sv. Jura ordenis;4;;279
2066;Strēlnieks;Vizunovs Staņislavs;8. Valmieras LSP;Sv. Jura ordenis;4;;279
2067;Dižkareivis;Vīksne Cirpiāns;8. Valmieras LSP;Sv. Jura ordenis;4;;279
2068;Strēlnieks;Vagulis Jānis Reiņa d.;8. Valmieras LSP;Sv. Jura ordenis;4;;279
2069;Strēlnieks;Vanadziņš Jānis;8. Valmieras LSP;Sv. Jura ordenis;4;;279
2070;Strēlnieks;Vagalis Jānis Jāņa d.;8. Valmieras LSP;Sv. Jura ordenis;4;;280
2071;Strēlnieks;Viļums Andrejs Andreja d.;8. Valmieras LSP;Sv. Jura ordenis;4;Divas medaļas;301
2072;Strēlnieks;Vilemsons Kārlis Krista d.;8. Valmieras LSP;Sv. Jura ordenis;4;Krusts;278
2073;Kaprālis;Vilciņš Jānis Mārtiņa d.;8. Valmieras LSP;Sv. Jura ordenis;4;;278
2074;Dižkareivis;Vicaks Ulrihs Jāņa d.;8. Valmieras LSP;Sv. Jura ordenis;4;;279
2075;Kaprālis;Veleciņš Jānis Mārtiņa d.;8. Valmieras LSP;Sv. Jura ordenis;4;;278
2076;Rakstvedis;Vistiņš Mārtiņš Friča d.;8. Valmieras LSP;Sv. Jura ordenis;4;Medaļa;280
2077;Strēlnieks;Zelāns Ādams Pētera d.;8. Valmieras LSP;Sv. Jura ordenis;4;Krusts;218
2078;Strēlnieks;Zītars Voldemārs Jāņa d.;8. Valmieras LSP;Sv. Jura ordenis;4;;218
2079;Strēlnieks;Zauers Pēteris Dāvida d.;8. Valmieras LSP;Sv. Jura ordenis;4;Medaļa;233
2080;Seržants;Zvaigzne Kārlis Pētera d.;8. Valmieras LSP;Sv. Jura ordenis;3;Krusts;278
2081;Dižkareivis;Zilberts Kārlis Jāņa d.;8. Valmieras LSP;Sv. Jura ordenis;4;;279
2082;Kaprālis;Zommers Krišus;8. Valmieras LSP;Sv. Jura ordenis;3;;278
2083;Kaprālis;Zveinieks Jānis;8. Valmieras LSP;Sv. Jura ordenis;4;;278
2084;Feldšeris;Zoltners Krišus Kārļa d.;8. Valmieras LSP;Sv. Jura ordenis;4;;279
2085;Strēlnieks;Zazuls Oskars;8. Valmieras LSP;Sv. Jura ordenis;3;Medaļa;279
2086;Strēlnieks;Zariņš Vilis;8. Valmieras LSP;Sv. Jura ordenis;4;;279
2087;Strēlnieks;Zeltiņš Krišus Kristapa d.;8. Valmieras LSP;Sv. Jura ordenis;4;;279
2088;Strēlnieks;Zvaigzne Arnolds;8. Valmieras LSP;Sv. Jura ordenis;3;;279
2089;Strēlnieks;Zariņš Johans Roberta d.;8. Valmieras LSP;Sv. Jura ordenis;4;;280
2090;Strēlnieks;Zemītis Jānis Trīnes d.;8. Valmieras LSP;Sv. Jura ordenis;4;;399
2091;Strēlnieks;Zālītis Jānis;8. Valmieras LSP;Sv. Jura ordenis;4;;279
2092;Strēlnieks;Zarāns Francis Otto d.;8. Valmieras LSP;Sv. Jura ordenis;4;;279
2093;Strēlnieks;Zolkovskis Nikolajs Anša d.;8. Valmieras LSP;Sv. Jura ordenis;4;;279
2094;Strēlnieks;Žīlis Francis Jozefa d.;8. Valmieras LSP;Sv. Jura ordenis;4;Krusts;218
2095;Strēlnieks;Žikars Jānis Jura d.;8. Valmieras LSP;Sv. Jura ordenis;4;;218
2096;Strēlnieks;Žvirbainis Jānis Kazimira d.;8. Valmieras LSP;Sv. Jura ordenis;4;;19
2097;Strēlnieks;Žīgurs Pēteris Kārļa d.;8. Valmieras LSP;Sv. Jura ordenis;4;Divas medaļas;301
2098;Strēlnieks;Tomašūns Miķelis Jana d.;8. Valmieras LSP;Serbijas karaļa ordenis ;;Zelta zvaigzne ar šķēp.;401
2099;Dižkareivis;Ezergailis Rūdolfs Jāņa d.;8. Valmieras LSP;Serbijas karaļa ordenis ;;Sudraba ordenis ar šķēp.;401
2100;Dižkareivis;Štālbergs Johans Jāņa d.;8. Valmieras LSP;Serbijas karaļa ordenis ;;Sudraba ordenis ar šķēp.;401
2101;Kaprālis;Kārkliņš Vilis;8. Valmieras LSP;Serbijas karaļa ordenis ;;Zelta medaļa;401
2102;Strēlnieks ;Ničkovs Dmitrijs;8. Valmieras LSP;Serbijas karaļa ordenis ;;Zelta medaļa;401
2103;Strēlnieks;Blumbergs Voldemārs;8. Valmieras LSP;Serbijas karaļa ordenis ;;Zelta medaļa;401
2104;Strēlnieks;Siliņš Pēteris;8. Valmieras LSP;Serbijas karaļa ordenis ;;Sudraba medaļa;401
2105;Strēlnieks;Blieķis Ģederts;8. Valmieras LSP;Serbijas karaļa ordenis ;;Sudraba meda;401
2106;Strēlnieks;Mencis Jānis;8. Valmieras LSP;Serbijas karaļa ordenis ;;Sudraba medaļa;401
2107;Strēlnieks;Andrēns Voldemārs;2. Brigādes štābs;Sv. Jura ordenis;4;Sakaru komanda (Med.);280
2108;Kaprālis;Brīvmanis Kristaps Konstanta d.;2. Brigādes štābs;Sv. Jura ordenis;4;Sakaru komanda (Krusts);280
2109;Dižkareivis;Buņevics Fricis Kriša d.;2. Brigādes štābs;Sv. Jura ordenis;4;Sakaru komanda (Med.);280
2110;Strēlnieks;Balodis Pēteris Pētera d.;2. Brigādes štābs;Sv. Jura ordenis;4;Sakaru komanda ;280
2111;Strēlnieks;Groms Ādolfs Vilhelma d.;2. Brigādes štābs;Sv. Jura ordenis;4;Sakaru komanda ;280
2112;Strēlnieks;Leitēns Augusts Pētera d.;2. Brigādes štābs;Sv. Jura ordenis;4;Sakaru komanda ;280
2113;Jaun. Rakstvedis;Lenspelnieks Emīls Mārtiņa d.;2. Brigādes štābs;Sv. Jura ordenis;4;Sakaru komanda ;280
2114;Virsseržants;Ozoliņš Jānis Pētera d.;2. Brigādes štābs;Sv. Jura ordenis;4;Sakaru komanda (Krusts;280
2115;Strēlnieks;Rubenis Eduards Jāņa d.;2. Brigādes štābs;Sv. Jura ordenis;4;Sakaru komanda (Med.);280
2116;Kaprālis;Šlopaks Dmitrijs Anafrija d.;2. Brigādes štābs;Sv. Jura ordenis;4;Sakaru komanda (Krusts);280
2117;Strēlnieks;Valkovskis Antons Jāņa d.;2. Brigādes štābs;Sv. Jura ordenis;4;Sakaru komanda;280
2118;Strēlnieks;Zariņš Andrejs;2. Brigādes štābs;Sv. Jura ordenis;4;Sakaru komanda (Med.);280
2119;Seržants;Streņģis Andrejs Pētera d.;2. Brigādes štābs;Sv. Jura ordenis;4;2. br. Štābs (Krusts);89
2120;Strēlnieks;Grīviņš Eduards Jāņa d.;2. Brigāde (pulks nezināms);Sv. Jura ordenis;3;Krusts;219
2121;Kaprālis;Klaupiks Augusts Andreja d.;2. Brigāde (pulks nezināms);Sv. Jura ordenis;3;;219
2122;Strēlnieks;Mekše Jānis Jēkaba d.;2. Brigāde (pulks nezināms);Sv. Jura ordenis;3;;219
2123;Virsseržants;Hermanis Jēkabs Jāņa d.;2. Brigāde (pulks nezināms);Sv. Jura ordenis;4;;219
2124;Strēlnieks;Eglītis Jānis Jāņa d.;2. Brigāde (pulks nezināms);Sv. Jura ordenis;4;;219
2125;Strēlnieks;Jozeps Jūlijs Jāņa d.;2. Brigāde (pulks nezināms);Sv. Jura ordenis;4;;219
2126;Strēlnieks;Tretjakovs Ludvigs Staņislava d.;2. Brigāde (pulks nezināms);Sv. Jura ordenis;4;;220
2127;Kaprālis;Ziemelis Kazmirs Donāta d.;2. Brigāde (pulks nezināms);Sv. Jura ordenis;4;;220
2128;Strēlnieks;Miza Kārlis Kārļa d.;2. Brigāde (pulks nezināms);Sv. Jura ordenis;4;;220
2129;Strēlnieks;Holmanis Daniels Jāzepa d.;2. Brigāde (pulks nezināms);Sv. Jura ordenis;4;;220
2130;Strēlnieks;Lazdiņš Jānis Jura d;2. Brigāde (pulks nezināms);Sv. Jura ordenis;4;;220
2131;Strēlnieks;Libītis Eduards Andreja d.;2. Brigāde (pulks nezināms);Sv. Jura ordenis;4;;220
2132;Strēlnieks;Lūsiņš Hermanis Jāņa d.;2. Brigāde (pulks nezināms);Sv. Jura ordenis;4;;220
2133;Kaprālis;Dimdiņš Pēteris Kārļa d.;2. Brigāde (pulks nezināms);Sv. Jura ordenis;4;;221
2134;Strēlnieks;Gavronskis Vilhelms Vilhelma d.;2. Brigāde (pulks nezināms);Sv. Jura ordenis;4;;221
2135;Strēlnieks;Galeijs Arvīds Andreja d.;2. Brigāde (pulks nezināms);Sv. Jura ordenis;4;;221
2136;Dižkareivis;Caune Jānis Kārļa d.;2. Brigāde (pulks nezināms);Sv. Jura ordenis;4;;221
2137;Strēlnieks;Zaķis Alfrēds Rūdolfa d.;2. Brigāde (pulks nezināms);Sv. Jura ordenis;4;;221
2138;Strēlnieks;Akmentiņš Andrejs Jēkaba d.;2. Brigāde (pulks nezināms);Sv. Jura ordenis;4;;221
2139;Strēlnieks;Vasiļjevs Kuprians Vasila d.;2. Brigāde (pulks nezināms);Sv. Jura ordenis;4;;221
2140;Strēlnieks;Dalke Pāvels Indriķa d.;2. Brigāde (pulks nezināms);Sv. Jura ordenis;4;;221
2141;Dižkareivis;Ēvelis Jānis Pētera d.;2. Brigāde (pulks nezināms);Sv. Jura ordenis;4;Medaļa;221
2142;Dižkareivis;Arkmeišels Alfrēds Kārļa d.;2. Brigāde (pulks nezināms);Sv. Jura ordenis;4;;222
2143;Kaprālis;Egle Rūdolfs Jāņa d.;2. Brigāde (pulks nezināms);Sv. Jura ordenis;4;;222
2144;Dižkareivis;Lūsis Augusts Jāņa d.;2. Brigāde (pulks nezināms);Sv. Jura ordenis;4;;222
2145;Strēlnieks;Toms Arvīds Otto d.;2. Brigāde (pulks nezināms);Sv. Jura ordenis;4;;222
2146;Strēlnieks;Līcītis Jānis Jāņa d.;2. Brigāde (pulks nezināms);Sv. Jura ordenis;4;;222
2147;Kaprālis;Karnītis Pēteris Jāņa d.;2. Brigāde (pulks nezināms);Sv. Jura ordenis;4;;222
2148;Strēlnieks;Reidmanis Sīmanis Jāņa d.;2. Brigāde (pulks nezināms);Sv. Jura ordenis;4;;222
2149;Strēlnieks;Kaprs Pēteris Georga d.;2. Brigāde (pulks nezināms);Sv. Jura ordenis;4;;222
2150;Strēlnieks;Pomanovskis Antons;2. Brigāde (pulks nezināms);Sv. Jura ordenis;4;;222
2151;Strēlnieks;Kalniņš Pēteris;2. Brigāde (pulks nezināms);Sv. Jura ordenis;4;;222
2152;Dižkareivis;Vanags Kārlis Jurģa d.;2. Brigāde (pulks nezināms);Sv. Jura ordenis;4;;222
2153;Strēlnieks;Andersons Kārlis Jāņa d.;2. Brigāde (pulks nezināms);Sv. Jura ordenis;4;;222
2154;Strēlnieks;Sisenis Pēteris Mārtiņa d.;2. Brigāde (pulks nezināms);Sv. Jura ordenis;4;;222
2155;Strēlnieks;Rossāns Jēkabs Eduarda d.;2. Brigāde (pulks nezināms);Sv. Jura ordenis;4;;222
2156;Strēlnieks;Vītols Jānis Kārļa d.;2. Brigāde (pulks nezināms);Sv. Jura ordenis;4;;223
2157;Strēlnieks;Knisle Eduards;2. Brigāde (pulks nezināms);Sv. Jura ordenis;4;;223
2158;Strēlnieks;Peisinieks Izidors;2. Brigāde (pulks nezināms);Sv. Jura ordenis;4;;223
2159;Strēlnieks;Sīkstulis Dominiks Staņislava d.;2. Brigāde (pulks nezināms);Sv. Jura ordenis;4;;223
2160;Strēlnieks;Šakars Ernests Indriķa d.;2. Brigāde (pulks nezināms);Sv. Jura ordenis;4;;223
2161;Strēlnieks;Ragulis Mārtiņš Jēkaba d.;2. Brigāde (pulks nezināms);Sv. Jura ordenis;4;;223
2162;Strēlnieks;Mačs Jēkabs Jēkaba d.;2. Brigāde (pulks nezināms);Sv. Jura ordenis;4;;223
2163;Strēlnieks;Puriņš Pēteris Jura d.;2. Brigāde (pulks nezināms);Sv. Jura ordenis;4;;223